CNT,students,subject,variable,coef,se,p_value,ci_low,ci_high
ALB,3600,Math,ESCS_x_Home_ICT,10.184366251873353,4.029938713292171,0.011498371358389704,2.285686373820699,18.083046129926007
ALB,3600,Math,ESCS_x_Home_ICT_sq,6.681818956587378,3.197470056258661,0.03664290787700581,0.4147776463204025,12.948860266854354
ALB,3600,Math,ESCS_x_School_ICT,4.657808005299009,3.1380945988245235,0.13773491129234522,-1.4928574083970565,10.808473418995074
ALB,3600,Math,ESCS_x_School_ICT_sq,0.8606344661020504,1.3226264111257107,0.5152394502989703,-1.7317132997043423,3.452982231908443
ALB,3600,Reading,ESCS_x_Home_ICT,11.362509665238456,3.731341637880855,0.002325612470482038,4.04908005499198,18.675939275484932
ALB,3600,Reading,ESCS_x_Home_ICT_sq,7.137567684223015,2.876457199297336,0.013087677046069517,1.499711573600237,12.775423794845793
ALB,3600,Reading,ESCS_x_School_ICT,3.4045936389457174,3.4557038439327665,0.3245209786752218,-3.368585895162505,10.17777317305394
ALB,3600,Reading,ESCS_x_School_ICT_sq,0.5465292046110738,1.4157967408399377,0.6994801061321754,-2.228432407435204,3.321490816657352
ALB,3600,Science,ESCS_x_Home_ICT,6.794567604876766,4.121458897352108,0.09923306739809278,-1.2834918339333647,14.872627043686897
ALB,3600,Science,ESCS_x_Home_ICT_sq,3.088613633387591,3.3408639831254328,0.355228406584999,-3.4594797735382574,9.63670704031344
ALB,3600,Science,ESCS_x_School_ICT,2.7074209772920224,3.734714839710881,0.46849265105427107,-4.6126201085413046,10.027462063125348
ALB,3600,Science,ESCS_x_School_ICT_sq,1.342969640828587,1.5850233444263193,0.396835182695248,-1.763676114246999,4.449615395904173
ARG,7724,Math,ESCS_x_Home_ICT,2.813883419623451,4.004602335200173,0.4822661756893445,-5.035137157368888,10.662903996615789
ARG,7724,Math,ESCS_x_Home_ICT_sq,-0.45868401272069015,1.896134085631975,0.808853899675604,-4.175106820559361,3.257738795117981
ARG,7724,Math,ESCS_x_School_ICT,-1.8790979982645837,1.5888162043650609,0.2369267982512565,-4.993177758820103,1.2349817622909356
ARG,7724,Math,ESCS_x_School_ICT_sq,0.7030965306643902,1.2618889913750417,0.577405956710354,-1.7702058924306918,3.176398953759472
ARG,7724,Reading,ESCS_x_Home_ICT,5.190844790056995,3.9231522497024836,0.18579178064799518,-2.498533619359873,12.880223199473864
ARG,7724,Reading,ESCS_x_Home_ICT_sq,0.7160798170336057,2.137734173202563,0.7376466577260741,-3.473879162443418,4.90603879651063
ARG,7724,Reading,ESCS_x_School_ICT,-2.3728258608493413,1.8952843670149628,0.21058335444124876,-6.087583220198669,1.341931498499986
ARG,7724,Reading,ESCS_x_School_ICT_sq,0.11926138885371493,1.3604516835626363,0.9301444621189155,-2.5472239109290524,2.785746688636482
ARG,7724,Science,ESCS_x_Home_ICT,1.5914566807947244,4.4536533675520955,0.7208392739045116,-7.137703919607382,10.320617281196832
ARG,7724,Science,ESCS_x_Home_ICT_sq,-0.7774964823020994,2.0885884950649922,0.7096998015662477,-4.871129932629485,3.3161369680252855
ARG,7724,Science,ESCS_x_School_ICT,-2.92648416793015,2.2569375117110773,0.19474765296410745,-7.3500816908838615,1.4971133550235614
ARG,7724,Science,ESCS_x_School_ICT_sq,0.46997883037423954,1.6429274258519229,0.7748307636572964,-2.7501589242955293,3.690116585044008
AUS,9342,Math,ESCS_x_Home_ICT,-4.338543245361854,2.618521754701106,0.09754629325474169,-9.470845884576022,0.793759393852314
AUS,9342,Math,ESCS_x_Home_ICT_sq,-1.2249785458709814,0.4856218043451612,0.011652562545949638,-2.1767972823874975,-0.2731598093544655
AUS,9342,Math,ESCS_x_School_ICT,-1.7705154524150646,1.999609112845887,0.37592433864131747,-5.689749313593003,2.148718408762874
AUS,9342,Math,ESCS_x_School_ICT_sq,0.7257217570121723,0.7375795480415407,0.3251531904154643,-0.7199341571492475,2.171377671173592
AUS,9342,Reading,ESCS_x_Home_ICT,-4.349204897281656,2.8064584686852823,0.12121044007437932,-9.84986349590481,1.151453701341497
AUS,9342,Reading,ESCS_x_Home_ICT_sq,-1.2654463341020512,0.5447082396645067,0.02017036745410405,-2.3330744838444843,-0.1978181843596183
AUS,9342,Reading,ESCS_x_School_ICT,-1.882922951469642,1.7638564260655782,0.28574452297329767,-5.340081546558175,1.5742356436188913
AUS,9342,Reading,ESCS_x_School_ICT_sq,0.32484745599311493,0.7360562424698668,0.6589704184040053,-1.117822779247824,1.7675176912340538
AUS,9342,Science,ESCS_x_Home_ICT,-5.346613603886081,2.9968980706601163,0.07441567093103126,-11.22053382237991,0.5273066146077463
AUS,9342,Science,ESCS_x_Home_ICT_sq,-1.4197996005367757,0.5531670364384075,0.010267901471771477,-2.5040069919560546,-0.335592209117497
AUS,9342,Science,ESCS_x_School_ICT,-1.5197035400459764,2.004317743129903,0.44832235379643837,-5.448166316580586,2.408759236488633
AUS,9342,Science,ESCS_x_School_ICT_sq,0.4190697803462425,0.7390593450196726,0.5706929171548649,-1.029486535892316,1.8676260965848008
AUT,4931,Math,ESCS_x_Home_ICT,4.1944259891165485,2.8664234171531655,0.1433863952590362,-1.4237639085036555,9.812615886736753
AUT,4931,Math,ESCS_x_Home_ICT_sq,0.46179131556516273,0.5407676079145641,0.3931298076523573,-0.5981131959473829,1.5216958270777083
AUT,4931,Math,ESCS_x_School_ICT,1.805944341000663,1.6937277991553994,0.28630875742849926,-1.5137621453439198,5.125650827345246
AUT,4931,Math,ESCS_x_School_ICT_sq,0.143405953878127,1.1129747976310391,0.8974769444392684,-2.0380246494787095,2.324836557234964
AUT,4931,Reading,ESCS_x_Home_ICT,5.306702703103669,3.882866569819789,0.17172024926843654,-2.303715773743117,12.917121179950456
AUT,4931,Reading,ESCS_x_Home_ICT_sq,0.5470739895170043,0.6800736005984698,0.42114665818644303,-0.7858702676559965,1.880018246690005
AUT,4931,Reading,ESCS_x_School_ICT,1.8300080831033199,1.7980471579022685,0.3087847270043492,-1.6941643463851264,5.354180512591766
AUT,4931,Reading,ESCS_x_School_ICT_sq,1.0517700777080523,1.1257768535848587,0.35016897028084115,-1.1547525553182707,3.2582927107343753
AUT,4931,Science,ESCS_x_Home_ICT,6.40551576196972,3.131963551035091,0.040834392254846974,0.2668672019409408,12.544164321998498
AUT,4931,Science,ESCS_x_Home_ICT_sq,0.8547688703496161,0.5631001022692815,0.12902204756835597,-0.24890733009817567,1.958445070797408
AUT,4931,Science,ESCS_x_School_ICT,1.4853253879291946,1.510249214292129,0.3253629508788922,-1.4747630720833786,4.445413847941768
AUT,4931,Science,ESCS_x_School_ICT_sq,0.9492801758302821,1.0964458996142283,0.38661119674166755,-1.1997537874136053,3.0983141390741697
BEL,5296,Math,ESCS_x_Home_ICT,-3.1591215772905348,2.737434083616965,0.24848180118180807,-8.524492381179785,2.206249226598716
BEL,5296,Math,ESCS_x_Home_ICT_sq,-0.9761901429082375,0.5670278050909627,0.08514357812172522,-2.0875646408865243,0.13518435507004944
BEL,5296,Math,ESCS_x_School_ICT,2.528722756349279,1.5396919378199092,0.10051618544713853,-0.48907344177774315,5.546518954476301
BEL,5296,Math,ESCS_x_School_ICT_sq,-0.48509748279826875,0.7123349870908535,0.4958738385313247,-1.8812740574963416,0.911079091899804
BEL,5296,Reading,ESCS_x_Home_ICT,-5.305819786835207,3.216262147122211,0.09900735638564377,-11.609693595194742,0.9980540215243261
BEL,5296,Reading,ESCS_x_Home_ICT_sq,-1.3746048090164678,0.7046025974480924,0.0510696853780111,-2.7556259000147287,0.006416281981793226
BEL,5296,Reading,ESCS_x_School_ICT,-0.03483771514748553,1.9156555059561127,0.985490636033754,-3.7895225068214664,3.719847076526495
BEL,5296,Reading,ESCS_x_School_ICT_sq,0.7987738256941421,0.9413325048957211,0.3961281149682472,-1.0462378839014712,2.6437855352897555
BEL,5296,Science,ESCS_x_Home_ICT,-2.892484890627687,3.4070817494114616,0.3959021182111704,-9.570365119474152,3.7853953382187773
BEL,5296,Science,ESCS_x_Home_ICT_sq,-0.8955674294001461,0.717888469642543,0.21221342215505767,-2.3026288298995308,0.5114939710992383
BEL,5296,Science,ESCS_x_School_ICT,1.4372567955646385,1.6705705042586345,0.3896022538469389,-1.837061392782285,4.711574983911562
BEL,5296,Science,ESCS_x_School_ICT_sq,0.24394926354065571,0.7897685227088673,0.7574074534567539,-1.3039970409687243,1.7918955680500357
BGR,4200,Math,ESCS_x_Home_ICT,8.406988932723008,3.7265651554073136,0.02407301859483823,1.102921228124674,15.711056637321342
BGR,4200,Math,ESCS_x_Home_ICT_sq,2.5773899149708273,1.895235457905246,0.1738516825470222,-1.137271582523455,6.29205141246511
BGR,4200,Math,ESCS_x_School_ICT,0.0876722917374539,3.1724973706260466,0.9779531841706112,-6.130422554689597,6.305767138164505
BGR,4200,Math,ESCS_x_School_ICT_sq,0.6634778881517815,1.6137535752527856,0.6809702247865623,-2.499479119343678,3.8264348956472416
BGR,4200,Reading,ESCS_x_Home_ICT,8.473782349900281,4.342432036885333,0.05101056345388769,-0.03738444239496985,16.984949142195532
BGR,4200,Reading,ESCS_x_Home_ICT_sq,1.4110053704080374,2.0201407276474783,0.4848840320590907,-2.54847045578102,5.370481196597095
BGR,4200,Reading,ESCS_x_School_ICT,-0.780798149292662,2.868002723431228,0.785433978727773,-6.402083487217868,4.840487188632545
BGR,4200,Reading,ESCS_x_School_ICT_sq,1.896050004707691,1.5377003142005712,0.21755986822616613,-1.1178426111254285,4.909942620540811
BGR,4200,Science,ESCS_x_Home_ICT,8.353586504716695,3.3929522969304813,0.01381490051812437,1.703400002732952,15.003773006700438
BGR,4200,Science,ESCS_x_Home_ICT_sq,1.718013023440695,1.6675326386072586,0.302882103674026,-1.550350948229532,4.986376995110922
BGR,4200,Science,ESCS_x_School_ICT,0.45275873675133627,2.7420552600365027,0.8688522375164531,-4.921669572920209,5.827187046422882
BGR,4200,Science,ESCS_x_School_ICT_sq,0.16765259691387185,1.5414909304618167,0.913392828641843,-2.8536696267912887,3.1889748206190327
BRA,5606,Math,ESCS_x_Home_ICT,-2.523317530810745,2.7681212589233994,0.3619986908599441,-7.948835198300608,2.9022001366791175
BRA,5606,Math,ESCS_x_Home_ICT_sq,-2.1793382377292563,0.9679232605942661,0.024350029722777684,-4.0764678284940175,-0.28220864696449466
BRA,5606,Math,ESCS_x_School_ICT,3.655492864551243,1.902533166298632,0.054683573774260884,-0.07347214139407576,7.384457870496561
BRA,5606,Math,ESCS_x_School_ICT_sq,-0.45146425558047554,0.8227622203281477,0.583199145312458,-2.064078207423645,1.161149696262694
BRA,5606,Reading,ESCS_x_Home_ICT,-4.712603795636269,3.8318795688986973,0.21875653475756152,-12.223087750677717,2.797880159405177
BRA,5606,Reading,ESCS_x_Home_ICT_sq,-3.588849322293295,1.2791009020280042,0.005019816585552081,-6.095887090268183,-1.0818115543184068
BRA,5606,Reading,ESCS_x_School_ICT,2.671896180117276,2.976471256740556,0.36936021298429145,-3.1619874830942134,8.505779843328765
BRA,5606,Reading,ESCS_x_School_ICT_sq,-0.8827993998350753,1.1721684263292136,0.4513696491237892,-3.180249515440334,1.4146507157701835
BRA,5606,Science,ESCS_x_Home_ICT,-5.1343612606617315,3.602079958357501,0.15404509792451446,-12.194437979042434,1.9257154577189706
BRA,5606,Science,ESCS_x_Home_ICT_sq,-3.5475500172668943,1.2194819152878136,0.003625135162610216,-5.937734571231009,-1.1573654633027797
BRA,5606,Science,ESCS_x_School_ICT,3.9111876940457626,2.894449739583799,0.17660845006586945,-1.7619337955384835,9.584309183630008
BRA,5606,Science,ESCS_x_School_ICT_sq,-0.9819139599650386,1.101771269095828,0.37281438479601003,-3.141385647392861,1.177557727462784
BRN,5378,Math,ESCS_x_Home_ICT,2.4338047698346843,2.2761439027016683,0.28494953282713753,-2.0274372794605853,6.895046819129954
BRN,5378,Math,ESCS_x_Home_ICT_sq,-0.3180797783635247,0.6422809047589482,0.6204344731631025,-1.5769503516910632,0.9407907949640137
BRN,5378,Math,ESCS_x_School_ICT,-3.2446800086092216,1.1948125367029963,0.0066147920877472855,-5.586512580547094,-0.9028474366713488
BRN,5378,Math,ESCS_x_School_ICT_sq,-0.5958572341431274,0.6907620517389299,0.38835274195400715,-1.94975085555143,0.7580363872651752
BRN,5378,Reading,ESCS_x_Home_ICT,2.8781465963073614,2.8136470956830943,0.30634387263804275,-2.636601711231503,8.392894903846226
BRN,5378,Reading,ESCS_x_Home_ICT_sq,-0.4845263051231573,0.7848538945408301,0.537006621836005,-2.0228399384231843,1.0537873281768695
BRN,5378,Reading,ESCS_x_School_ICT,-5.178821726842674,1.3699979193269582,0.0001567228345078555,-7.864017648723513,-2.493625804961836
BRN,5378,Reading,ESCS_x_School_ICT_sq,0.28908277388414166,0.9302295872354746,0.7559792985110201,-1.5341672170973883,2.1123327648656716
BRN,5378,Science,ESCS_x_Home_ICT,2.2707923011843594,2.632884617376139,0.3884271996915968,-2.8896615488728727,7.4312461512415915
BRN,5378,Science,ESCS_x_Home_ICT_sq,-0.34434888982384965,0.7492538860202844,0.6458112125060887,-1.812886506423607,1.1241887267759079
BRN,5378,Science,ESCS_x_School_ICT,-3.080861544804853,1.1880393906141946,0.009507866017148762,-5.409418750408674,-0.7523043392010313
BRN,5378,Science,ESCS_x_School_ICT_sq,-0.1273006229900727,0.8179137151610448,0.8763162806125008,-1.7304115047057205,1.4758102587255753
CHE,4430,Math,ESCS_x_Home_ICT,0.36203719278947577,3.144681422999818,0.9083445967501831,-5.801538396290168,6.525612781869119
CHE,4430,Math,ESCS_x_Home_ICT_sq,-0.17410344146743711,0.7832622246457931,0.8240960056632218,-1.7092974017731917,1.3610905188383173
CHE,4430,Math,ESCS_x_School_ICT,0.4793268061668997,2.0557851580718047,0.8156371884034228,-3.5500121036538372,4.508665715987637
CHE,4430,Math,ESCS_x_School_ICT_sq,-0.2424984202113185,1.031325288907105,0.8141056484953936,-2.2638959864692443,1.7788991460466073
CHE,4430,Reading,ESCS_x_Home_ICT,-0.05574347687811001,3.852071715551974,0.9884541850266767,-7.605804039359979,7.494317085603759
CHE,4430,Reading,ESCS_x_Home_ICT_sq,-0.24027961153898442,0.9718064342522008,0.8047143770044588,-2.1450202226732977,1.664460999595329
CHE,4430,Reading,ESCS_x_School_ICT,1.7310885276304782,2.2204999957364637,0.43562987438575806,-2.621091464012991,6.083268519273947
CHE,4430,Reading,ESCS_x_School_ICT_sq,-0.1685258818743487,1.0945603109874833,0.8776359611462164,-2.3138640914098163,1.9768123276611187
CHE,4430,Science,ESCS_x_Home_ICT,-0.7099861711190287,3.6293178069127787,0.8449035024201785,-7.823449072668075,6.403476730430017
CHE,4430,Science,ESCS_x_Home_ICT_sq,-0.3063104408864296,0.8818460478979561,0.728327355796848,-2.0347286947664234,1.4221078129935643
CHE,4430,Science,ESCS_x_School_ICT,0.39401862123069675,2.08739761882141,0.8502803803412144,-3.6972807116592663,4.48531795412066
CHE,4430,Science,ESCS_x_School_ICT_sq,-0.08718748601902881,1.0350798060288908,0.9328714817555818,-2.1159439058356546,1.9415689337975972
CHL,4625,Math,ESCS_x_Home_ICT,0.4794984132435688,2.5996986686637156,0.8536652779780921,-4.615910977337314,5.574907803824451
CHL,4625,Math,ESCS_x_Home_ICT_sq,0.31278659063063363,1.2378608353999079,0.8005130601217114,-2.1134206467531857,2.7389938280144532
CHL,4625,Math,ESCS_x_School_ICT,-0.5029112765237503,2.0007758542889365,0.8015372363952619,-4.424431950930066,3.418609397882565
CHL,4625,Math,ESCS_x_School_ICT_sq,-0.6688115027079727,1.2995511813847793,0.6067989702414834,-3.21593181822214,1.8783088128061944
CHL,4625,Reading,ESCS_x_Home_ICT,-0.23394198442306086,3.56042176475212,0.9476116915041592,-7.212368643337216,6.744484674491094
CHL,4625,Reading,ESCS_x_Home_ICT_sq,0.6708935067849195,1.703191404829178,0.6936520906157131,-2.66736164668027,4.0091486602501085
CHL,4625,Reading,ESCS_x_School_ICT,1.1711747028832922,2.605034100685293,0.6530123506594271,-3.934692134459882,6.277041540226467
CHL,4625,Reading,ESCS_x_School_ICT_sq,-0.24294168832739796,1.6330246006004254,0.881736757692603,-3.4436699055042315,2.957786528849436
CHL,4625,Science,ESCS_x_Home_ICT,0.09990479650435637,3.624623746234057,0.9780108479191845,-7.004357746114395,7.204167339123107
CHL,4625,Science,ESCS_x_Home_ICT_sq,0.3331371544979053,1.3436236548706222,0.8041813455322221,-2.3003652090485143,2.966639518044325
CHL,4625,Science,ESCS_x_School_ICT,-3.0690889492894584,2.4142987638535494,0.20365273938223272,-7.801114526442415,1.6629366278634983
CHL,4625,Science,ESCS_x_School_ICT_sq,0.7090998659815931,1.742075575661224,0.6839763233293663,-2.7053682623144057,4.123567994277592
CZE,7432,Math,ESCS_x_Home_ICT,-1.8035243683148159,2.199100324587016,0.41214816575781477,-6.113761004505367,2.5067122678757356
CZE,7432,Math,ESCS_x_Home_ICT_sq,-0.34983309252894446,0.49709110808774215,0.4815819292019976,-1.3241316643809191,0.6244654793230301
CZE,7432,Math,ESCS_x_School_ICT,-1.3878667512071976,1.3671047965027712,0.3100167889435115,-4.067392152352629,1.2916586499382339
CZE,7432,Math,ESCS_x_School_ICT_sq,0.7795787509256364,0.6900240384092003,0.2585668652770762,-0.5728683643563963,2.132025866207669
CZE,7432,Reading,ESCS_x_Home_ICT,-4.241487630259195,2.3491730867718106,0.0709927738264741,-8.845866880331943,0.36289161981355367
CZE,7432,Reading,ESCS_x_Home_ICT_sq,-0.781110128322422,0.5423243589615581,0.14978235676899052,-1.8440658718870757,0.28184561524223173
CZE,7432,Reading,ESCS_x_School_ICT,-1.280313132249642,1.374623421272042,0.35165087473700585,-3.974575037942844,1.4139487734435603
CZE,7432,Reading,ESCS_x_School_ICT_sq,0.8053901914142813,0.7055605597470886,0.2536661488212394,-0.5775085056900126,2.188288888518575
CZE,7432,Science,ESCS_x_Home_ICT,-2.322388539542255,2.3351791687887093,0.3199684913976282,-6.899339710368125,2.254562631283615
CZE,7432,Science,ESCS_x_Home_ICT_sq,-0.4741651525957497,0.5841737928303551,0.4169723568704875,-1.6191457865432457,0.6708154813517462
CZE,7432,Science,ESCS_x_School_ICT,-1.3188031628405927,1.5707250481460664,0.4011246962466448,-4.3974242572068825,1.7598179315256972
CZE,7432,Science,ESCS_x_School_ICT_sq,0.24976400660827794,0.8096278802670734,0.7577077211631436,-1.337106638715186,1.836634651931742
DEU,3694,Math,ESCS_x_Home_ICT,-2.7668293552545435,3.4942853709521713,0.428468256969052,-9.6156286823208,4.081969971811712
DEU,3694,Math,ESCS_x_Home_ICT_sq,-0.9461933360210619,0.7960749748442605,0.2346076809960198,-2.5065002867158124,0.6141136146736885
DEU,3694,Math,ESCS_x_School_ICT,0.9186564483849413,1.950116065896407,0.6375851549875355,-2.9035710407720163,4.7408839375418985
DEU,3694,Math,ESCS_x_School_ICT_sq,0.4545106704721961,1.3443112455222561,0.7352883695938377,-2.180339370751426,3.089360711695818
DEU,3694,Reading,ESCS_x_Home_ICT,-5.861378313665716,3.9893894894270527,0.14176718109506709,-13.68058171294274,1.957825085611307
DEU,3694,Reading,ESCS_x_Home_ICT_sq,-1.3512137376180418,0.8961368726531459,0.13160041961061114,-3.1076420080182077,0.40521453278212416
DEU,3694,Reading,ESCS_x_School_ICT,-0.5949834421038779,2.3372859314650847,0.7990616563089497,-5.176063867775444,3.9860969835676876
DEU,3694,Reading,ESCS_x_School_ICT_sq,0.583587785304846,1.6098803330249514,0.7169755625460994,-2.5717776674240587,3.738953238033751
DEU,3694,Science,ESCS_x_Home_ICT,-3.9770007757851387,4.223472339971492,0.3463757365168536,-12.255006562129264,4.301005010558986
DEU,3694,Science,ESCS_x_Home_ICT_sq,-1.3430780884829043,0.9289355814375467,0.14822635216290692,-3.163791828100496,0.4776356511346873
DEU,3694,Science,ESCS_x_School_ICT,-0.08657371808915751,2.271825670444754,0.9696019289307589,-4.539352032160876,4.366204595982561
DEU,3694,Science,ESCS_x_School_ICT_sq,1.1095125420923728,1.4116771279753277,0.4318947452864088,-1.6573746287392694,3.876399712924015
DNK,4112,Math,ESCS_x_Home_ICT,1.6886169074017072,3.41125603322426,0.6205907734044813,-4.997444917717843,8.374678732521257
DNK,4112,Math,ESCS_x_Home_ICT_sq,-0.2551739403259828,0.6278988583934034,0.6844535819017752,-1.4858557027770534,0.9755078221250879
DNK,4112,Math,ESCS_x_School_ICT,2.978336738153401,4.401019187946792,0.4985722284982751,-5.647660870222311,11.604334346529114
DNK,4112,Math,ESCS_x_School_ICT_sq,1.7673043088761138,2.7140163677954443,0.5149324086076307,-3.552167772002957,7.086776389755185
DNK,4112,Reading,ESCS_x_Home_ICT,3.166630843294732,4.283003932778641,0.45969564537220375,-5.228056864951405,11.561318551540868
DNK,4112,Reading,ESCS_x_Home_ICT_sq,0.03823594784328101,0.7188519554093247,0.957580287835066,-1.3707138847589952,1.4471857804455572
DNK,4112,Reading,ESCS_x_School_ICT,-1.1503140052548733,5.933930285643347,0.8462904823030669,-12.780817365115833,10.480189354606086
DNK,4112,Reading,ESCS_x_School_ICT_sq,-1.1079374236285613,3.9673002578240806,0.7800396619629442,-8.883845928963758,6.667971081706637
DNK,4112,Science,ESCS_x_Home_ICT,1.701344951306703,4.101118539411697,0.6782524417213311,-6.336847385940223,9.73953728855363
DNK,4112,Science,ESCS_x_Home_ICT_sq,-0.02498404127978708,0.6576996893892518,0.9696980431913762,-1.3140754324827206,1.2641073499231466
DNK,4112,Science,ESCS_x_School_ICT,3.6565579292552868,5.598972013917371,0.5137068598204431,-7.317427218022759,14.630543076533334
DNK,4112,Science,ESCS_x_School_ICT_sq,1.858832923874899,3.5231074370232425,0.5977688274084052,-5.046457652690656,8.764123500440455
DOM,3674,Math,ESCS_x_Home_ICT,1.8209076081689328,2.8861191129573225,0.5280934372833175,-3.8358858532274187,7.477701069565285
DOM,3674,Math,ESCS_x_Home_ICT_sq,0.3274231339325929,1.169422226968051,0.779487404619933,-1.9646444309247868,2.619490698789973
DOM,3674,Math,ESCS_x_School_ICT,0.9030249740565373,1.2454792764734939,0.46842617172269974,-1.5381144078315108,3.344164355944585
DOM,3674,Math,ESCS_x_School_ICT_sq,-2.0026428670373977,1.326006065285176,0.1309715260403481,-4.601614754996342,0.596329020921547
DOM,3674,Reading,ESCS_x_Home_ICT,3.562828249671861,3.562059461156321,0.3172060715155688,-3.418808294194528,10.54446479353825
DOM,3674,Reading,ESCS_x_Home_ICT_sq,-0.08273290347258051,1.5604680586528572,0.9577175619034203,-3.14125029843218,2.9757844914870195
DOM,3674,Reading,ESCS_x_School_ICT,2.3476008517301077,1.7822771277530147,0.18777433549187927,-1.145662318665801,5.840864022126016
DOM,3674,Reading,ESCS_x_School_ICT_sq,-3.21924193401367,2.0367912871870617,0.11398192472229465,-7.2113528569003105,0.7728689888729705
DOM,3674,Science,ESCS_x_Home_ICT,0.3582272105094798,3.656740672017601,0.9219612559162943,-6.808984506645018,7.525438927663977
DOM,3674,Science,ESCS_x_Home_ICT_sq,-0.712838370603166,1.4718187436112489,0.6281553531082871,-3.5976031080812136,2.1719263668748816
DOM,3674,Science,ESCS_x_School_ICT,1.4691441512873207,1.6383526609169798,0.36986816550190704,-1.7420270641099596,4.680315366684601
DOM,3674,Science,ESCS_x_School_ICT_sq,-2.3919441443250875,1.8237491389906224,0.18967090933752595,-5.966492456746707,1.1826041680965322
ESP,24161,Math,ESCS_x_Home_ICT,2.9240494358722446,1.6023243142007306,0.06801915488195043,-0.21650621996118735,6.064605091705676
ESP,24161,Math,ESCS_x_Home_ICT_sq,0.2798107524138219,0.39477318246657805,0.47845564003786967,-0.49394468522067103,1.0535661900483149
ESP,24161,Math,ESCS_x_School_ICT,-0.612732510472842,0.752552194328875,0.41552694991365413,-2.087734811357437,0.8622697904117529
ESP,24161,Math,ESCS_x_School_ICT_sq,-0.5374916958882742,0.4000851786968869,0.17912852010253177,-1.3216586461341726,0.24667525435762416
ESP,24161,Reading,ESCS_x_Home_ICT,4.210402510767481,2.338147059802293,0.071743358960367,-0.37236572644501376,8.793170747979975
ESP,24161,Reading,ESCS_x_Home_ICT_sq,0.700957585217115,0.5078874323557867,0.16754243772918354,-0.29450178220022694,1.696416952634457
ESP,24161,Reading,ESCS_x_School_ICT,-0.9292010495926781,0.9860370539055973,0.3460087890811624,-2.8618336752476488,1.0034315760622925
ESP,24161,Reading,ESCS_x_School_ICT_sq,-0.4836528424617822,0.4475409295219652,0.2798351965502789,-1.3608330643248339,0.3935273794012696
ESP,24161,Science,ESCS_x_Home_ICT,1.9883968684682833,2.067522056885474,0.3361855205819706,-2.0639463630272457,6.040740099963813
ESP,24161,Science,ESCS_x_Home_ICT_sq,0.195378861714039,0.45471054646245157,0.6674302993072561,-0.6958538093523661,1.086611532780444
ESP,24161,Science,ESCS_x_School_ICT,-0.8799512700119199,0.9209795786564531,0.33934944823074753,-2.685071244178568,0.9251687041547281
ESP,24161,Science,ESCS_x_School_ICT_sq,-0.4067799729617592,0.4541602124611995,0.37042633727350693,-1.2969339893857101,0.48337404346219176
EST,5679,Math,ESCS_x_Home_ICT,-3.0758451079545455,3.1159083930842257,0.32357286295179133,-9.183025558399628,3.031335342490537
EST,5679,Math,ESCS_x_Home_ICT_sq,-0.8492440262393345,0.5007661130094372,0.0899067959513268,-1.8307456077378315,0.13225755525916238
EST,5679,Math,ESCS_x_School_ICT,-0.3286602303068952,1.4743840048292505,0.8236027598638349,-3.218452879772226,2.5611324191584357
EST,5679,Math,ESCS_x_School_ICT_sq,-1.2600059607645338,0.7101370174174231,0.07601124732418946,-2.651874514902683,0.1318625933736155
EST,5679,Reading,ESCS_x_Home_ICT,-3.409185599339905,3.9640875857737203,0.3897792702255878,-11.178797267456396,4.360426068776587
EST,5679,Reading,ESCS_x_Home_ICT_sq,-1.1539438800322208,0.6481196768514278,0.07500254668440334,-2.4242584466610193,0.11637068659657768
EST,5679,Reading,ESCS_x_School_ICT,-1.4647788705567053,1.6633575734423278,0.3785258330660186,-4.724959714503668,1.7954019733902573
EST,5679,Reading,ESCS_x_School_ICT_sq,-0.9532924080025778,0.7877082368750586,0.22619831082778952,-2.4972005522776923,0.590615736272537
EST,5679,Science,ESCS_x_Home_ICT,-3.442478233359438,3.8344818264850877,0.3693088096277526,-10.95806261327021,4.073106146551334
EST,5679,Science,ESCS_x_Home_ICT_sq,-0.8693135123729376,0.6404550924330745,0.17467409717675586,-2.1246054935417638,0.3859784687958885
EST,5679,Science,ESCS_x_School_ICT,-0.27718457377754224,1.6137889156326042,0.8636261210954628,-3.440210848417446,2.885841700862362
EST,5679,Science,ESCS_x_School_ICT_sq,-1.310712530033204,0.7736257872995339,0.09021851408922371,-2.82701907314029,0.20559401307388225
FIN,7889,Math,ESCS_x_Home_ICT,-0.5700600112568839,2.396158289651892,0.8119541386405867,-5.266530258974592,4.126410236460824
FIN,7889,Math,ESCS_x_Home_ICT_sq,-0.20629014707535864,0.5188887174258393,0.6909534869731199,-1.2233120332300036,0.8107317390792863
FIN,7889,Math,ESCS_x_School_ICT,0.16037290500051463,1.3284722993258558,0.9039129787080789,-2.4434328016781626,2.764178611679192
FIN,7889,Math,ESCS_x_School_ICT_sq,1.3492556373901938,0.6982077225958523,0.05330325938724485,-0.019231498897676724,2.717742773678064
FIN,7889,Reading,ESCS_x_Home_ICT,-2.4864213605610517,3.2261691959440553,0.44088242682993706,-8.8097129846114,3.836870263489297
FIN,7889,Reading,ESCS_x_Home_ICT_sq,-0.4610574878194077,0.688336178840397,0.5029761098167097,-1.8101963983465859,0.8880814227077704
FIN,7889,Reading,ESCS_x_School_ICT,0.3728055105452484,1.3581795964012058,0.7837087702448181,-2.289226498401115,3.0348375194916115
FIN,7889,Reading,ESCS_x_School_ICT_sq,1.005215497640306,0.7474509906383003,0.17867107271379634,-0.4597884440107627,2.470219439291375
FIN,7889,Science,ESCS_x_Home_ICT,-2.167110519809931,3.0461540156138054,0.4768208303484014,-8.13757239041299,3.803351350793127
FIN,7889,Science,ESCS_x_Home_ICT_sq,-0.49380207512697527,0.7171380416666276,0.49109185686331236,-1.8993926367935656,0.911788486539615
FIN,7889,Science,ESCS_x_School_ICT,-0.5305211252126015,1.6693096844415083,0.7506300579944498,-3.8023681067179576,2.7413258562927547
FIN,7889,Science,ESCS_x_School_ICT_sq,1.5433167776048888,0.8511552885579364,0.06980061604837874,-0.12494758796866656,3.211581143178444
GBR,7618,Math,ESCS_x_Home_ICT,8.004440343947117,4.166929501498397,0.054738703695641315,-0.16274147898974078,16.171622166883974
GBR,7618,Math,ESCS_x_Home_ICT_sq,0.8745003216194245,0.8418632236553126,0.29891278835951274,-0.7755515967449882,2.524552239983837
GBR,7618,Math,ESCS_x_School_ICT,-2.8327026202045142,2.626985476216926,0.2808957905566143,-7.981594153589688,2.31618891318066
GBR,7618,Math,ESCS_x_School_ICT_sq,1.0442860771467593,1.4568167925926447,0.47348065219315694,-1.8110748363348246,3.899646990628343
GBR,7618,Reading,ESCS_x_Home_ICT,7.473298306883632,3.678942519891796,0.04221734194122896,0.2625709678957122,14.684025645871552
GBR,7618,Reading,ESCS_x_Home_ICT_sq,1.1619144898173168,0.8179287758719538,0.15544557188368424,-0.4412259108917125,2.765054890526346
GBR,7618,Reading,ESCS_x_School_ICT,-1.1948413662457378,2.43393761130431,0.6234909602210768,-5.965359084402186,3.57567635191071
GBR,7618,Reading,ESCS_x_School_ICT_sq,-0.14026832529279906,1.4998781564731796,0.925490609868334,-3.0800295119802312,2.799492861394633
GBR,7618,Science,ESCS_x_Home_ICT,8.787508072636498,4.606430688572366,0.05643504831251431,-0.24109607696533786,17.816112222238335
GBR,7618,Science,ESCS_x_Home_ICT_sq,0.8849600473135135,0.9141228920173796,0.3329956997114637,-0.9067208210405504,2.6766409156675772
GBR,7618,Science,ESCS_x_School_ICT,-2.8246479867762355,2.3967890564497147,0.23859199893547156,-7.522354537417677,1.8730585638652055
GBR,7618,Science,ESCS_x_School_ICT_sq,1.2307271689289823,1.5898996889874497,0.43887693144403894,-1.8854762214864191,4.346930559344384
GEO,3698,Math,ESCS_x_Home_ICT,5.6113662695100945,4.73682242237329,0.23616507928698804,-3.672805678341554,14.895538217361743
GEO,3698,Math,ESCS_x_Home_ICT_sq,1.1851457444490479,2.293469609267359,0.6053321110829673,-3.3100546897149767,5.680346178613072
GEO,3698,Math,ESCS_x_School_ICT,-0.15117345379389507,2.846876890917041,0.9576510305565985,-5.731052159991295,5.428705252403505
GEO,3698,Math,ESCS_x_School_ICT_sq,-0.4870420355053481,1.693915979345211,0.7737108851339738,-3.8071173550219615,2.833033284011265
GEO,3698,Reading,ESCS_x_Home_ICT,4.502850538333638,3.8853361597304104,0.24648284091787898,-3.1124083347379665,12.118109411405243
GEO,3698,Reading,ESCS_x_Home_ICT_sq,0.90461492715109,1.9970758203678491,0.6505705268862041,-3.009653680769894,4.818883535072074
GEO,3698,Reading,ESCS_x_School_ICT,0.5767955846775132,2.9428895963719994,0.844613032090689,-5.191268024211605,6.344859193566632
GEO,3698,Reading,ESCS_x_School_ICT_sq,-2.159095796311434,1.8684878139455148,0.24787300076589913,-5.821331911644643,1.503140319021775
GEO,3698,Science,ESCS_x_Home_ICT,4.771139634361384,4.595670226275436,0.2991855815165857,-4.23637400913847,13.778653277861238
GEO,3698,Science,ESCS_x_Home_ICT_sq,0.7860970401240286,2.24305346138493,0.7259946671276738,-3.610287744190434,5.182481824438491
GEO,3698,Science,ESCS_x_School_ICT,-1.0901328327002218,2.6113427604388377,0.6763415045893605,-6.208364643160344,4.0280989777599
GEO,3698,Science,ESCS_x_School_ICT_sq,0.3481702009966866,1.7731646004091586,0.8443321097436505,-3.1272324158052642,3.8235728177986372
GRC,5547,Math,ESCS_x_Home_ICT,0.5996095247811501,2.473984681009893,0.8084966543317968,-4.24940044999824,5.44861949956054
GRC,5547,Math,ESCS_x_Home_ICT_sq,0.026489588456847103,0.7496896201989923,0.9718133532275981,-1.4429020671331778,1.4958812440468718
GRC,5547,Math,ESCS_x_School_ICT,-2.1554261024542174,1.7547884038027182,0.21933019973467427,-5.594811373907545,1.2839591689991101
GRC,5547,Math,ESCS_x_School_ICT_sq,-0.26144936554052484,0.9503852830791678,0.7832407258461422,-2.124204520375694,1.601305789294644
GRC,5547,Reading,ESCS_x_Home_ICT,-2.9754279640487136,3.1276065042544485,0.34143005663905546,-9.105536712387433,3.1546807842900053
GRC,5547,Reading,ESCS_x_Home_ICT_sq,-0.8524961446298265,0.9207307510866688,0.3545027256010618,-2.657128416759697,0.9521361275000444
GRC,5547,Reading,ESCS_x_School_ICT,-2.036049163447781,2.2859050029606065,0.37309164254076976,-6.51642296925057,2.4443246423550082
GRC,5547,Reading,ESCS_x_School_ICT_sq,0.06928813740194968,1.0662246449125181,0.948186295103011,-2.020512166626586,2.159088441430485
GRC,5547,Science,ESCS_x_Home_ICT,-0.6084388778688222,3.241003925288025,0.8510870513118711,-6.960806571433351,5.743928815695706
GRC,5547,Science,ESCS_x_Home_ICT_sq,-0.2800600286767455,0.8667430977647064,0.7466061125962955,-1.97887650029557,1.4187564429420791
GRC,5547,Science,ESCS_x_School_ICT,-2.266092699529,2.0901137477265657,0.2782779611002063,-6.362715645073068,1.8305302460150688
GRC,5547,Science,ESCS_x_School_ICT_sq,-0.06640460322400218,1.0344155347033215,0.9488147292414865,-2.093859051242512,1.9610498447945077
HKG,3626,Math,ESCS_x_Home_ICT,17.200523591604018,6.28892536711244,0.006237085349478374,4.874229872063635,29.5268173111444
HKG,3626,Math,ESCS_x_Home_ICT_sq,2.076768901524501,0.9536561593833006,0.029429012996025638,0.20760282913323214,3.9459349739157705
HKG,3626,Math,ESCS_x_School_ICT,-2.96408390261956,2.8953994121417908,0.30596662953419174,-8.63906675041747,2.71089894517835
HKG,3626,Math,ESCS_x_School_ICT_sq,1.6614616806278417,1.0588720165086989,0.11662780823484259,-0.41392747172920785,3.7368508329848913
HKG,3626,Reading,ESCS_x_Home_ICT,12.936488249938506,7.67959428211663,0.09207975701733061,-2.1155165430100897,27.9884930428871
HKG,3626,Reading,ESCS_x_Home_ICT_sq,1.3084785948973656,1.184208068093793,0.2691856865581105,-1.0125692185664685,3.6295264083611998
HKG,3626,Reading,ESCS_x_School_ICT,-1.8255572960850635,3.0347812939057497,0.5474770966766261,-7.773728632140333,4.122614039970205
HKG,3626,Reading,ESCS_x_School_ICT_sq,1.2547886847845893,1.087115701812997,0.24840319873891348,-0.8759580907688849,3.3855354603380636
HKG,3626,Science,ESCS_x_Home_ICT,13.419132538207677,6.20853469688539,0.030664383943835836,1.250404532312313,25.58786054410304
HKG,3626,Science,ESCS_x_Home_ICT_sq,1.6961186550299903,0.9579046291331373,0.07661808399184952,-0.1813744180709589,3.573611728130939
HKG,3626,Science,ESCS_x_School_ICT,-2.0164044100806393,2.787257479280243,0.46941161801775544,-7.479429069469916,3.446620249308637
HKG,3626,Science,ESCS_x_School_ICT_sq,1.3376733618274534,1.0334957343853433,0.19555519062541282,-0.6879782775678192,3.363325001222726
HRV,5323,Math,ESCS_x_Home_ICT,-3.0873928008317733,2.746856717571714,0.2610244779504055,-8.471231967272333,2.296446365608786
HRV,5323,Math,ESCS_x_Home_ICT_sq,-0.982238133065619,0.6028341418413525,0.10323532372042869,-2.16379305107467,0.19931678494343197
HRV,5323,Math,ESCS_x_School_ICT,1.062773618741134,1.6243394036643772,0.5129310980765721,-2.120931612441045,4.246478849923314
HRV,5323,Math,ESCS_x_School_ICT_sq,-2.3161773114621256,1.654920713396351,0.1616421357751966,-5.559821909718973,0.9274672867947222
HRV,5323,Reading,ESCS_x_Home_ICT,-3.3594998535207976,3.0681352142661535,0.2735320876289329,-9.373044873482458,2.654045166440863
HRV,5323,Reading,ESCS_x_Home_ICT_sq,-0.9493874484161452,0.6965710870219248,0.17290013091306478,-2.314666778979118,0.4158918821468275
HRV,5323,Reading,ESCS_x_School_ICT,-0.008602419554145885,1.7995963325593336,0.9961859715514992,-3.5358112313704395,3.5186063922621478
HRV,5323,Reading,ESCS_x_School_ICT_sq,-1.8735299497684017,1.586952661475901,0.23776826603234913,-4.983957166261168,1.2368972667243643
HRV,5323,Science,ESCS_x_Home_ICT,-5.402071989764766,2.9024269563131906,0.06271229368558451,-11.090828824138619,0.28668484460908683
HRV,5323,Science,ESCS_x_Home_ICT_sq,-1.4772481861551205,0.6935332897569101,0.033168961341444585,-2.836573434078664,-0.11792293823157673
HRV,5323,Science,ESCS_x_School_ICT,0.8524683406243879,1.9115353125720245,0.6556261201838949,-2.8941408720167803,4.599077553265556
HRV,5323,Science,ESCS_x_School_ICT_sq,-2.5503144029953413,1.8330789882899134,0.16414247619070255,-6.143149220043572,1.042520414052889
HUN,4747,Math,ESCS_x_Home_ICT,-5.158319484999881,2.4693712338105858,0.036714905943214894,-9.998287103268629,-0.3183518667311329
HUN,4747,Math,ESCS_x_Home_ICT_sq,-1.249198004373578,0.4871689263538358,0.010341427598740193,-2.2040491000270963,-0.29434690872005986
HUN,4747,Math,ESCS_x_School_ICT,-4.514094096372779,1.9929090209123306,0.02350790212152801,-8.420195777360947,-0.6079924153846115
HUN,4747,Math,ESCS_x_School_ICT_sq,0.7686984373504104,1.2360341438365363,0.5340029416319921,-1.6539284845692006,3.1913253592700217
HUN,4747,Reading,ESCS_x_Home_ICT,-2.494896009629897,3.1474872656574133,0.42797432033154814,-8.663971050318427,3.674179031058633
HUN,4747,Reading,ESCS_x_Home_ICT_sq,-0.655259643116102,0.6704345597510311,0.3283882111444001,-1.9693113802281228,0.6587920939959189
HUN,4747,Reading,ESCS_x_School_ICT,-4.9380385513378435,2.4915872676138324,0.04749215270459452,-9.821549595860954,-0.05452750681473173
HUN,4747,Reading,ESCS_x_School_ICT_sq,2.6704207515455893,1.5979381392678078,0.09468878726312763,-0.461538001419314,5.802379504510492
HUN,4747,Science,ESCS_x_Home_ICT,-5.041035215869483,2.827393367923725,0.07459823100272352,-10.582726216999983,0.5006557852610181
HUN,4747,Science,ESCS_x_Home_ICT_sq,-1.1910409075198685,0.5885487708199505,0.043001945229858736,-2.3445964983269714,-0.03748531671276556
HUN,4747,Science,ESCS_x_School_ICT,-4.016884242512511,2.039353378567482,0.04887445598732202,-8.014016864504775,-0.01975162052024615
HUN,4747,Science,ESCS_x_School_ICT_sq,1.4636144772199702,1.3755791981324121,0.2873292888993968,-1.2325207511195575,4.159749705559498
IRL,4809,Math,ESCS_x_Home_ICT,1.4974119564038768,2.0547716044626654,0.4661554503374309,-2.529940388342948,5.524764301150701
IRL,4809,Math,ESCS_x_Home_ICT_sq,0.45134582928181216,0.44773308800560013,0.3134213567922409,-0.4262110232091641,1.3289026817727885
IRL,4809,Math,ESCS_x_School_ICT,-2.428571765941064,1.2083076710197502,0.044442283839161933,-4.796854801139775,-0.060288730742353636
IRL,4809,Math,ESCS_x_School_ICT_sq,-1.772090492910636,1.0554530232615789,0.09315483815967973,-3.840778418503331,0.2965974326820586
IRL,4809,Reading,ESCS_x_Home_ICT,1.3986649404617237,2.448506794527098,0.5678425257334572,-3.400408376811388,6.197738257734835
IRL,4809,Reading,ESCS_x_Home_ICT_sq,0.3713592960041433,0.5041594575933562,0.4613711374991397,-0.6167932408788349,1.3595118328871214
IRL,4809,Reading,ESCS_x_School_ICT,-2.4727714609515767,1.693522021349081,0.14425286409138757,-5.792074622795775,0.8465317008926219
IRL,4809,Reading,ESCS_x_School_ICT_sq,-2.3041809830083193,1.4473703482801927,0.11138976730191409,-5.141026865637497,0.5326648996208583
IRL,4809,Science,ESCS_x_Home_ICT,1.2507642806336865,2.498221933062373,0.6166091634941478,-3.645750708168565,6.147279269435938
IRL,4809,Science,ESCS_x_Home_ICT_sq,0.20701379709461315,0.5126700509234705,0.6863631954565131,-0.7978195027153892,1.2118470969046153
IRL,4809,Science,ESCS_x_School_ICT,-2.959192352026035,1.5264527760043223,0.052549185371215806,-5.951039792994506,0.03265508894243663
IRL,4809,Science,ESCS_x_School_ICT_sq,-2.0334991795572765,1.4101121241898513,0.1492788687877031,-4.797318942969385,0.7303205838548319
ISL,2260,Math,ESCS_x_Home_ICT,3.7612424247559213,4.164376797736374,0.36642265025984166,-4.400936098807372,11.923420948319215
ISL,2260,Math,ESCS_x_Home_ICT_sq,0.1714158166374845,0.7172043826240091,0.8111012913793818,-1.2343047733055732,1.5771364065805424
ISL,2260,Math,ESCS_x_School_ICT,2.8473575773263677,1.8352952645499327,0.12079535020813921,-0.7498211411915006,6.444536295844236
ISL,2260,Math,ESCS_x_School_ICT_sq,-0.162960594764259,1.1349596302157685,0.885829983933752,-2.3874814699871654,2.061560280458647
ISL,2260,Reading,ESCS_x_Home_ICT,3.3014332816215592,4.674436170386592,0.48001768588903815,-5.860461612336161,12.46332817557928
ISL,2260,Reading,ESCS_x_Home_ICT_sq,0.10350997058192006,0.8061954044444821,0.8978378487675965,-1.476633022129265,1.683652963293105
ISL,2260,Reading,ESCS_x_School_ICT,0.7188701440584984,2.184482845266729,0.7420950376495279,-3.5627162326642905,5.000456520781287
ISL,2260,Reading,ESCS_x_School_ICT_sq,-0.9369176106228346,1.3960377325821087,0.5021400864505465,-3.6731515664837677,1.7993163452380982
ISL,2260,Science,ESCS_x_Home_ICT,-0.5811429138822362,5.584689691139402,0.9171217189783372,-11.527134708515463,10.364848880750992
ISL,2260,Science,ESCS_x_Home_ICT_sq,-0.45761647582556086,0.9685696909618129,0.6365940365078131,-2.356013070110714,1.4407801184595925
ISL,2260,Science,ESCS_x_School_ICT,2.7456245042125653,2.2551761226091482,0.2234228758991177,-1.6745206961013652,7.165769704526496
ISL,2260,Science,ESCS_x_School_ICT_sq,-0.9571495223630571,1.3184646052392548,0.4678647070767423,-3.5413401486319964,1.6270411039058823
ISR,3758,Math,ESCS_x_Home_ICT,4.277563052344584,3.805571494623154,0.2610018013225506,-3.1813570771167985,11.736483181805966
ISR,3758,Math,ESCS_x_Home_ICT_sq,1.104496949302599,1.0970246963777233,0.3140254245042977,-1.0456714555977387,3.2546653542029365
ISR,3758,Math,ESCS_x_School_ICT,0.10569017003499033,2.3590350850515307,0.9642649011113934,-4.51801859666601,4.729398936735991
ISR,3758,Math,ESCS_x_School_ICT_sq,-0.7638861089488699,2.3104542799723546,0.7409303225735284,-5.2923764976946845,3.764604279796945
ISR,3758,Reading,ESCS_x_Home_ICT,2.6073810419617844,5.758472477513696,0.6506996788318915,-8.679225013965059,13.89398709788863
ISR,3758,Reading,ESCS_x_Home_ICT_sq,0.6244056706143813,1.6161477924740684,0.6992342809157623,-2.543244002634793,3.7920553438635554
ISR,3758,Reading,ESCS_x_School_ICT,-0.31202010381389095,2.684770041662403,0.9074793289590913,-5.574169385472201,4.950129177844419
ISR,3758,Reading,ESCS_x_School_ICT_sq,-0.8359708486926447,2.311067778125991,0.7175575894311135,-5.365663693819587,3.6937219964342978
ISR,3758,Science,ESCS_x_Home_ICT,3.0962045288891558,4.677263971307244,0.5079909829659947,-6.071232854873043,12.263641912651355
ISR,3758,Science,ESCS_x_Home_ICT_sq,0.7691221987635485,1.244505180936609,0.5365658061241205,-1.6701079558722052,3.2083523533993024
ISR,3758,Science,ESCS_x_School_ICT,0.9635307304486214,2.330396509392639,0.6792680545277142,-3.6040464279609514,5.531107888858194
ISR,3758,Science,ESCS_x_School_ICT_sq,-1.7823248521407506,2.342285967035188,0.4466965347721896,-6.373205347529719,2.8085556432482175
ITA,8866,Math,ESCS_x_Home_ICT,3.135606787164832,2.8459065698394617,0.2705506276607462,-2.4423700897205123,8.713583664050176
ITA,8866,Math,ESCS_x_Home_ICT_sq,0.675390384398796,0.6533295550746048,0.3012452095816599,-0.6051355435474294,1.9559163123450212
ITA,8866,Math,ESCS_x_School_ICT,-1.058919150832081,1.9480293097125836,0.5867272119368112,-4.877056597868744,2.759218296204583
ITA,8866,Math,ESCS_x_School_ICT_sq,-0.02120403382307541,0.8269449166846954,0.9795433563528104,-1.6420160705250784,1.5996080028789275
ITA,8866,Reading,ESCS_x_Home_ICT,2.947038422826094,3.141063811481552,0.3481265313244306,-3.2094466476777477,9.103523493329936
ITA,8866,Reading,ESCS_x_Home_ICT_sq,0.9110771001411633,0.7103406300236039,0.19963510828843678,-0.4811905347051004,2.303344734987427
ITA,8866,Reading,ESCS_x_School_ICT,0.30111449989259936,1.9330013397299142,0.8762098811916633,-3.4875681259780325,4.089797125763231
ITA,8866,Reading,ESCS_x_School_ICT_sq,-0.27768813565200146,0.6860051003231146,0.6856317395220726,-1.6222581322853058,1.066881860981303
ITA,8866,Science,ESCS_x_Home_ICT,1.8594711334147114,2.969736773026044,0.5312230845318782,-3.961212941716335,7.680155208545758
ITA,8866,Science,ESCS_x_Home_ICT_sq,0.38805045836438723,0.6716219178215667,0.5634119090567424,-0.9283285005658833,1.7044294172946577
ITA,8866,Science,ESCS_x_School_ICT,0.50818379533629,2.2008437495135085,0.8173893230721297,-3.805469953710187,4.821837544382767
ITA,8866,Science,ESCS_x_School_ICT_sq,-0.30867680247272045,0.761676019776339,0.6852864260988647,-1.8015618012343448,1.184208196288904
JOR,5932,Math,ESCS_x_Home_ICT,2.427238553698266,2.454708541533473,0.3227564693636824,-2.383990187707341,7.238467295103873
JOR,5932,Math,ESCS_x_Home_ICT_sq,0.2946314815580211,1.3094187025493251,0.8219719824438667,-2.271829175438656,2.8610921385546986
JOR,5932,Math,ESCS_x_School_ICT,1.4049266275194263,1.7533323387132853,0.4229641227214701,-2.031604756358613,4.8414580113974655
JOR,5932,Math,ESCS_x_School_ICT_sq,0.2541975076308812,0.8467678618615806,0.7640265907872393,-1.4054675016178169,1.913862516879579
JOR,5932,Reading,ESCS_x_Home_ICT,4.385059601705139,2.74401983486325,0.1100335769488454,-0.9932192746268305,9.76333847803711
JOR,5932,Reading,ESCS_x_Home_ICT_sq,1.2037391125422365,1.5862675242519035,0.44794229107587935,-1.9053452349914943,4.312823460075967
JOR,5932,Reading,ESCS_x_School_ICT,2.5825921385852197,2.1714926560960257,0.23431512797162912,-1.673533467362991,6.83871774453343
JOR,5932,Reading,ESCS_x_School_ICT_sq,-0.7688784527655225,1.0825006668414805,0.47753058891347755,-2.890579759774824,1.3528228542437795
JOR,5932,Science,ESCS_x_Home_ICT,2.846465628537751,2.763293311792101,0.3029635428839972,-2.569589262574767,8.26252051965027
JOR,5932,Science,ESCS_x_Home_ICT_sq,0.18448563786967956,1.5428621745321964,0.9048209063982501,-2.839524224213425,3.2084954999527846
JOR,5932,Science,ESCS_x_School_ICT,1.6159196873487975,1.9710929338027139,0.41232501104733554,-2.247422462904521,5.479261837602117
JOR,5932,Science,ESCS_x_School_ICT_sq,-0.1901476765358396,0.9823197589024965,0.8465125578626795,-2.1154944039847328,1.7351990509130535
JPN,5610,Math,ESCS_x_Home_ICT,5.417808875228845,2.3090013177887685,0.01895645297405376,0.8921662923628588,9.943451458094831
JPN,5610,Math,ESCS_x_Home_ICT_sq,0.5980665215881369,0.3255355415990976,0.06618371918196299,-0.03998313994609437,1.2361161831223682
JPN,5610,Math,ESCS_x_School_ICT,0.0004196606418588061,1.656663578390872,0.9997978824743283,-3.2466409530042504,3.2474802742879683
JPN,5610,Math,ESCS_x_School_ICT_sq,-1.3455374590380766,0.745689872652776,0.07116554488359335,-2.8070896094375177,0.11601469136136422
JPN,5610,Reading,ESCS_x_Home_ICT,3.937598966148972,3.142727466089679,0.2102333320740104,-2.2221468673867992,10.097344799684743
JPN,5610,Reading,ESCS_x_Home_ICT_sq,0.400264218412462,0.4835385612226007,0.4077943204651814,-0.5474713615838354,1.3479997984087593
JPN,5610,Reading,ESCS_x_School_ICT,1.3112324775556758,1.9413218897933224,0.4994008331079478,-2.493758426439236,5.116223381550588
JPN,5610,Reading,ESCS_x_School_ICT_sq,-2.2044279904226745,0.8026208246749627,0.006022804667656066,-3.777564806785601,-0.6312911740597478
JPN,5610,Science,ESCS_x_Home_ICT,7.119904274166079,2.9740833833466835,0.016666533261978207,1.2907008428065794,12.949107705525579
JPN,5610,Science,ESCS_x_Home_ICT_sq,0.7843204603805038,0.45663831331487764,0.08587020253811085,-0.11069063371665633,1.6793315544776641
JPN,5610,Science,ESCS_x_School_ICT,0.12386683345521228,1.6548645228684307,0.9403339514553996,-3.119667631366912,3.3674012982773367
JPN,5610,Science,ESCS_x_School_ICT_sq,-1.2483028212308485,0.8121856248925621,0.12430129485300026,-2.8401866460202703,0.34358100355857313
KAZ,18767,Math,ESCS_x_Home_ICT,1.3064525537494052,2.0504890741291097,0.5240324026202599,-2.71250603154365,5.32541113904246
KAZ,18767,Math,ESCS_x_Home_ICT_sq,-0.03248022071517805,0.5324470312291159,0.9513577853981409,-1.076076401924245,1.011115960493889
KAZ,18767,Math,ESCS_x_School_ICT,-0.7867218129150653,0.8870576775322574,0.37513859386761683,-2.5253548608782896,0.9519112350481591
KAZ,18767,Math,ESCS_x_School_ICT_sq,0.702158796526566,0.484715718894798,0.14744954826153103,-0.24788401250723802,1.65220160556037
KAZ,18767,Reading,ESCS_x_Home_ICT,2.021851177149589,2.0993301537030225,0.3355006149603744,-2.0928359241083347,6.136538278407513
KAZ,18767,Reading,ESCS_x_Home_ICT_sq,0.19416007145775868,0.5274523916808801,0.7127918203669139,-0.8396466162367662,1.2279667591522836
KAZ,18767,Reading,ESCS_x_School_ICT,-1.2711004799204821,1.0763646996064828,0.23763455007866263,-3.3807752911491886,0.8385743313082243
KAZ,18767,Reading,ESCS_x_School_ICT_sq,0.9025779406659508,0.5287256195472086,0.0878068289066786,-0.13372427364657813,1.9388801549784795
KAZ,18767,Science,ESCS_x_Home_ICT,1.3202482851328123,2.0590944726310343,0.521406344447628,-2.7155768812240146,5.356073451489639
KAZ,18767,Science,ESCS_x_Home_ICT_sq,0.12636989802349047,0.5374992547422693,0.8141255980425579,-0.9271286412713575,1.1798684373183383
KAZ,18767,Science,ESCS_x_School_ICT,-0.24607600143132097,1.0328185898722515,0.8116819633400684,-2.2704004375809337,1.7782484347182919
KAZ,18767,Science,ESCS_x_School_ICT_sq,0.37302493574324924,0.47339435210234526,0.4307088318857648,-0.5548279943773474,1.3008778658638458
KOR,6034,Math,ESCS_x_Home_ICT,-5.19170509017766,9.754774740421295,0.5945722923405683,-24.3110635814034,13.92765340104808
KOR,6034,Math,ESCS_x_Home_ICT_sq,0.19269750738546293,1.3176534822984545,0.8837296157605582,-2.389903317919508,2.7752983326904337
KOR,6034,Math,ESCS_x_School_ICT,3.771847018998559,3.5055711119021042,0.2819460741484332,-3.0990723603295653,10.642766398326684
KOR,6034,Math,ESCS_x_School_ICT_sq,-1.7099479651536242,1.376505985591111,0.21414878383423686,-4.407899696912201,0.9880037666049533
KOR,6034,Reading,ESCS_x_Home_ICT,-16.731293697567324,15.965451586175503,0.29465302352239375,-48.023578806471306,14.560991411336662
KOR,6034,Reading,ESCS_x_Home_ICT_sq,-1.2481525474217865,2.0370007230371447,0.5400480342092743,-5.24067396457459,2.7443688697310176
KOR,6034,Reading,ESCS_x_School_ICT,0.781857689599948,3.5228953951526374,0.8243636219924214,-6.123017284899221,7.686732664099117
KOR,6034,Reading,ESCS_x_School_ICT_sq,-0.7816262939623453,1.3070310323858347,0.549828836458982,-3.343407117438581,1.7801545295138905
KOR,6034,Science,ESCS_x_Home_ICT,-4.0450668551360796,7.943495952236929,0.6105909808733863,-19.614318921520457,11.5241852112483
KOR,6034,Science,ESCS_x_Home_ICT_sq,0.2522724711013653,1.086908572229572,0.8164596363837406,-1.8780683304685957,2.3826132726713265
KOR,6034,Science,ESCS_x_School_ICT,1.508299931496368,3.3524446561322176,0.6527750020053883,-5.062491594522778,8.079091457515513
KOR,6034,Science,ESCS_x_School_ICT_sq,-0.677513844426483,1.4526672943516963,0.6409342275007518,-3.5247417413558075,2.169714052502842
LTU,6025,Math,ESCS_x_Home_ICT,3.0577366708566536,3.1538284400036156,0.33227996829835527,-3.1237670715504327,9.23924041326374
LTU,6025,Math,ESCS_x_Home_ICT_sq,-0.178308243210404,0.7436233225035003,0.8104984740104266,-1.6358099553172645,1.2791934688964566
LTU,6025,Math,ESCS_x_School_ICT,1.399669764827549,1.5045662187562052,0.3522254756123101,-1.5492800239346132,4.348619553589711
LTU,6025,Math,ESCS_x_School_ICT_sq,-0.340817648826407,0.9061045731793962,0.7068165311235943,-2.1167826122580236,1.4351473146052096
LTU,6025,Reading,ESCS_x_Home_ICT,-0.24060037750582794,3.546364575775166,0.9459096336019953,-7.191474946025153,6.710274191013497
LTU,6025,Reading,ESCS_x_Home_ICT_sq,-0.9876757451970025,0.8030959718496622,0.21875880056338481,-2.5617438500223404,0.5863923596283352
LTU,6025,Reading,ESCS_x_School_ICT,0.8459350018228606,1.768740527910448,0.632458259295203,-2.620796432881617,4.312666436527339
LTU,6025,Reading,ESCS_x_School_ICT_sq,0.07728493532549725,1.1796945788404398,0.9477658230711657,-2.234916439201765,2.3894863098527592
LTU,6025,Science,ESCS_x_Home_ICT,3.663762404166075,3.546249243942048,0.3015396453164918,-3.286886113960339,10.614410922292489
LTU,6025,Science,ESCS_x_Home_ICT_sq,-0.15708303036765078,0.8140304521149042,0.8469828728396329,-1.752582716512863,1.4384166557775615
LTU,6025,Science,ESCS_x_School_ICT,0.9292890670661021,1.6743760977428843,0.5788904394157806,-2.3524880845099507,4.211066218642155
LTU,6025,Science,ESCS_x_School_ICT_sq,-0.16808640767228294,0.9911834264710462,0.8653392445453645,-2.1108059235555334,1.7746331082109674
LVA,3928,Math,ESCS_x_Home_ICT,-3.8147487486384053,2.4443970408286377,0.11861596372324826,-8.605766948662534,0.9762694513857246
LVA,3928,Math,ESCS_x_Home_ICT_sq,-1.0253134198082787,0.5176273603945393,0.04761432575076439,-2.0398630461815754,-0.010763793434981794
LVA,3928,Math,ESCS_x_School_ICT,-3.385723777998563,1.4264998252135634,0.017622853531920845,-6.181663435417147,-0.5897841205799788
LVA,3928,Math,ESCS_x_School_ICT_sq,0.6765499568196527,0.525819611033047,0.1982135528700455,-0.3540564808051194,1.7071563944444248
LVA,3928,Reading,ESCS_x_Home_ICT,-2.155565680096522,2.8084557764518108,0.4427682372542525,-7.6601390019420705,3.349007641749027
LVA,3928,Reading,ESCS_x_Home_ICT_sq,-0.9664740434736032,0.5885174963624934,0.1005448274436895,-2.1199683363440904,0.18702024939688378
LVA,3928,Reading,ESCS_x_School_ICT,-2.057032615596556,1.6810765705057678,0.22108804493025935,-5.35194269378786,1.2378774625947488
LVA,3928,Reading,ESCS_x_School_ICT_sq,0.3052151816526515,0.6636891942404151,0.6456047413851937,-0.9956156390585621,1.6060460023638652
LVA,3928,Science,ESCS_x_Home_ICT,-3.9626596718960903,2.8071534670921756,0.15805918370142058,-9.464680467396754,1.539361123604574
LVA,3928,Science,ESCS_x_Home_ICT_sq,-1.1726332214242217,0.5634300835398732,0.03741194489321364,-2.276956185162373,-0.06831025768607013
LVA,3928,Science,ESCS_x_School_ICT,-4.194963033654053,1.349941038847293,0.0018866693488000428,-6.840847469794747,-1.549078597513359
LVA,3928,Science,ESCS_x_School_ICT_sq,0.6756593313549806,0.5135381909197321,0.18827662841823123,-0.3308755228476943,1.6821941855576554
MAC,4341,Math,ESCS_x_Home_ICT,1.4778473572904383,3.529926258725884,0.675462887335013,-5.440808109812295,8.39650282439317
MAC,4341,Math,ESCS_x_Home_ICT_sq,0.1925484199262336,0.5258059609843966,0.7142182871765275,-0.8380312636031836,1.2231281034556507
MAC,4341,Math,ESCS_x_School_ICT,0.7638725681111245,1.4609680287685387,0.6010760529798962,-2.0996247682752114,3.6273699044974603
MAC,4341,Math,ESCS_x_School_ICT_sq,0.8894739460898922,1.0731106930043575,0.40717550154167015,-1.2138230121986486,2.9927709043784327
MAC,4341,Reading,ESCS_x_Home_ICT,2.071336317245897,3.586150754579896,0.5635387938496289,-4.957519161730698,9.100191796222493
MAC,4341,Reading,ESCS_x_Home_ICT_sq,0.005353489338645498,0.5434597895325913,0.9921403616403291,-1.0598276981452335,1.0705346768225246
MAC,4341,Reading,ESCS_x_School_ICT,0.5290337546739721,1.446329405784837,0.7145316262794796,-2.3057718806643086,3.3638393900122523
MAC,4341,Reading,ESCS_x_School_ICT_sq,-0.3799205650563369,1.2260978314228055,0.7566662491477996,-2.783072314645036,2.023231184532362
MAC,4341,Science,ESCS_x_Home_ICT,0.8433834432371018,3.407683038201831,0.8045254036318894,-5.835675311638488,7.5224421981126905
MAC,4341,Science,ESCS_x_Home_ICT_sq,-0.0026542449215991915,0.5040089226350594,0.9957981472955494,-0.9905117332863155,0.9852032434431172
MAC,4341,Science,ESCS_x_School_ICT,1.0922224969367174,1.5634300759857438,0.48479794704875423,-1.9721004519953402,4.156545445868775
MAC,4341,Science,ESCS_x_School_ICT_sq,1.0635452977023014,1.0827809730884383,0.32598412095768914,-1.0587054095510378,3.1857960049556406
MAR,3921,Math,ESCS_x_Home_ICT,2.4457948705158175,2.3236867535706502,0.2925476033122142,-2.1086311664826574,7.000220907514292
MAR,3921,Math,ESCS_x_Home_ICT_sq,0.4293753173742624,0.7640235430565151,0.5741212928406222,-1.0681108270165072,1.9268614617650321
MAR,3921,Math,ESCS_x_School_ICT,0.25092203967181365,1.9675647628399522,0.8985215316142843,-3.6055048954944926,4.10734897483812
MAR,3921,Math,ESCS_x_School_ICT_sq,-0.14319873834719488,0.3948825016124879,0.7168765729468469,-0.9171684415076711,0.6307709648132813
MAR,3921,Reading,ESCS_x_Home_ICT,2.0523592200201577,3.1699825532042634,0.5173501303858892,-4.1608065842601984,8.265525024300514
MAR,3921,Reading,ESCS_x_Home_ICT_sq,0.12157459677255042,1.0707615510078528,0.9096022081597468,-1.9771180432028412,2.220267236747942
MAR,3921,Reading,ESCS_x_School_ICT,-2.4026732954792545,2.5702335028693324,0.34988756583184044,-7.440330961103146,2.634984370144637
MAR,3921,Reading,ESCS_x_School_ICT_sq,0.5392565796367584,0.5455484464205733,0.3229240391707925,-0.5300183753475652,1.6085315346210822
MAR,3921,Science,ESCS_x_Home_ICT,3.7909991945646917,2.708026265744664,0.16153959152011066,-1.5167322862948494,9.098730675424232
MAR,3921,Science,ESCS_x_Home_ICT_sq,0.9063593335691357,0.93330663318705,0.33148500655572366,-0.9229216674774822,2.7356403346157534
MAR,3921,Science,ESCS_x_School_ICT,-2.08386379787135,2.0811008366816535,0.3166684323736122,-6.162821437767391,1.995093842024691
MAR,3921,Science,ESCS_x_School_ICT_sq,0.2873424529409308,0.5843414525206986,0.6229051086929602,-0.8579667939996385,1.4326516998815
MLT,2093,Math,ESCS_x_Home_ICT,-8.693350703128154,5.600422160624435,0.12059834210207586,-19.670178137952046,2.283476731695739
MLT,2093,Math,ESCS_x_Home_ICT_sq,-2.797437364728812,1.5026142831760545,0.06264347823844835,-5.7425613597538785,0.14768663029625495
MLT,2093,Math,ESCS_x_School_ICT,-0.016954341109434362,2.7462496430802057,0.9950741837643748,-5.399603641546637,5.365694959327769
MLT,2093,Math,ESCS_x_School_ICT_sq,-2.464539984897322,2.2615489324833398,0.2758199653657184,-6.897175892564668,1.9680959227700239
MLT,2093,Reading,ESCS_x_Home_ICT,-8.268075907205679,6.320985948328951,0.19086116715580692,-20.657208365930423,4.1210565515190645
MLT,2093,Reading,ESCS_x_Home_ICT_sq,-3.003213635427328,1.723997910230628,0.08150750279276338,-6.382249539479359,0.37582226862470236
MLT,2093,Reading,ESCS_x_School_ICT,-2.9504248686674885,3.120465628173973,0.34439964517567,-9.066537499888476,3.1656877625534983
MLT,2093,Reading,ESCS_x_School_ICT_sq,-5.264283584306031,2.813718129454265,0.06135409813427684,-10.779171118036391,0.2506039494243284
MLT,2093,Science,ESCS_x_Home_ICT,-6.689770422122548,6.106306623490919,0.2732753084075308,-18.65813140416475,5.278590559919653
MLT,2093,Science,ESCS_x_Home_ICT_sq,-2.144385388269797,1.654300129274924,0.19488960883241824,-5.386813641648648,1.0980428651090541
MLT,2093,Science,ESCS_x_School_ICT,-1.4205863371331726,2.9466985494646853,0.6297390160566441,-7.196115494083957,4.3549428198176106
MLT,2093,Science,ESCS_x_School_ICT_sq,-4.324757188586885,2.327187966701466,0.06311765499369675,-8.886045603321758,0.2365312261479886
MYS,6706,Math,ESCS_x_Home_ICT,-0.23059203345576815,2.5006553714349367,0.9265290955904806,-5.1318765614682444,4.670692494556707
MYS,6706,Math,ESCS_x_Home_ICT_sq,-1.0490535340069467,0.742444027023883,0.15766359579065103,-2.5042438269737572,0.4061367589598639
MYS,6706,Math,ESCS_x_School_ICT,1.798712461197248,1.796118314535404,0.3166120524871371,-1.7216794352921436,5.31910435768664
MYS,6706,Math,ESCS_x_School_ICT_sq,1.815145022680769,0.9406710055755578,0.05365295856833029,-0.02857014824732418,3.658860193608862
MYS,6706,Reading,ESCS_x_Home_ICT,0.18730788769077183,2.6649326828481725,0.9439658971603337,-5.035960170691646,5.41057594607319
MYS,6706,Reading,ESCS_x_Home_ICT_sq,-1.1416345768989071,0.8013005000657302,0.1542360881195605,-2.712183557027738,0.4289144032299239
MYS,6706,Reading,ESCS_x_School_ICT,-0.5109130477703644,1.78704300399233,0.774955805429407,-4.013517335595331,2.9916912400546023
MYS,6706,Reading,ESCS_x_School_ICT_sq,2.0951740007487545,0.9126544978181601,0.02169347491314926,0.3063711850251607,3.883976816472348
MYS,6706,Science,ESCS_x_Home_ICT,0.053503162220528575,2.4834809539293508,0.982812010280937,-4.814119507480998,4.921125831922056
MYS,6706,Science,ESCS_x_Home_ICT_sq,-1.0831789316243448,0.7246264232688115,0.13496399690733799,-2.5034467212312155,0.33708885798252575
MYS,6706,Science,ESCS_x_School_ICT,1.1043321778182342,1.805034173888275,0.540665591640064,-2.4335348030027846,4.642199158639253
MYS,6706,Science,ESCS_x_School_ICT_sq,1.882230238418643,0.8655036278510225,0.0296509155810406,0.18584312783063872,3.578617349006647
PAN,2479,Math,ESCS_x_Home_ICT,0.9112945996632991,3.349403891153003,0.7855630809538885,-5.653537026996586,7.476126226323185
PAN,2479,Math,ESCS_x_Home_ICT_sq,-0.01279977579043447,1.3286347150051716,0.9923134738253353,-2.6169238172005707,2.591324265619702
PAN,2479,Math,ESCS_x_School_ICT,3.5406333527742904,2.4908241847851644,0.15517999419651454,-1.3413820494046318,8.422648754953212
PAN,2479,Math,ESCS_x_School_ICT_sq,-2.8412072587236525,1.4353895879116587,0.04777121514354207,-5.6545708510305035,-0.027843666416801582
PAN,2479,Reading,ESCS_x_Home_ICT,-0.6589744550871041,4.831195475603347,0.8915051731262397,-10.128117587269665,8.810168677095456
PAN,2479,Reading,ESCS_x_Home_ICT_sq,-1.7913934124621118,1.9907825548377631,0.36820336195972636,-5.693327219944127,2.1105403950199038
PAN,2479,Reading,ESCS_x_School_ICT,-1.0838477166279452,3.2337122205652267,0.7374958266052583,-7.421923668935789,5.254228235679899
PAN,2479,Reading,ESCS_x_School_ICT_sq,0.3596950777824293,1.6747867148618074,0.8299461152145186,-2.922886883346713,3.6422770389115717
PAN,2479,Science,ESCS_x_Home_ICT,3.5053604374470018,4.829622099373645,0.4679587567956507,-5.960698877325343,12.971419752219347
PAN,2479,Science,ESCS_x_Home_ICT_sq,0.5308137479401982,1.8635524892363349,0.7757669487480598,-3.1217491309630176,4.1833766268434145
PAN,2479,Science,ESCS_x_School_ICT,3.133123176881232,3.0558108534826145,0.30522160813701904,-2.8562660959446924,9.122512449707157
PAN,2479,Science,ESCS_x_School_ICT_sq,-1.8441392659595732,1.717904982737317,0.2830551221975466,-5.2112330321247144,1.522954500205568
POL,5220,Math,ESCS_x_Home_ICT,2.158986792379709,3.306464518178322,0.5137825106354242,-4.321683663249802,8.63965724800922
POL,5220,Math,ESCS_x_Home_ICT_sq,0.017844166755009504,0.8769485430901567,0.983765749045901,-1.7009749777016976,1.7366633112117167
POL,5220,Math,ESCS_x_School_ICT,-0.2634501886557461,1.7820726061119616,0.8824741006393767,-3.756312496635191,3.2294121193236984
POL,5220,Math,ESCS_x_School_ICT_sq,-0.17223320782208204,0.9213054002595636,0.8517039521363722,-1.9779917923308268,1.6335253766866626
POL,5220,Reading,ESCS_x_Home_ICT,2.3358220513477987,5.009508334867685,0.6410167348799516,-7.4828142849928625,12.15445838768846
POL,5220,Reading,ESCS_x_Home_ICT_sq,0.15969462000121568,1.2930938102757439,0.9017126840763484,-2.374769248139242,2.6941584881416736
POL,5220,Reading,ESCS_x_School_ICT,-1.4408599711390955,1.9616604161421256,0.4626377258499257,-5.285714386777661,2.4039944444994705
POL,5220,Reading,ESCS_x_School_ICT_sq,0.07955400177947827,1.2156632211194134,0.9478230216023349,-2.303145911614572,2.4622539151735285
POL,5220,Science,ESCS_x_Home_ICT,4.256647840689946,4.2482743325686725,0.3163575811604693,-4.069969851144651,12.583265532524543
POL,5220,Science,ESCS_x_Home_ICT_sq,0.5405409510231867,1.0181355600891455,0.5954793774876087,-1.4550047467515386,2.536086648797912
POL,5220,Science,ESCS_x_School_ICT,0.44557098126084577,2.101655022777858,0.832099566917937,-3.6736728633837554,4.564814825905447
POL,5220,Science,ESCS_x_School_ICT_sq,-0.8915622711257832,1.3270040926570335,0.5016722028122576,-3.4924902927335686,1.7093657504820023
QUR,3040,Math,ESCS_x_Home_ICT,6.1857331008029774,4.591309423001708,0.177893314647516,-2.81323336828037,15.184699569886325
QUR,3040,Math,ESCS_x_Home_ICT_sq,1.376254657830807,1.218575802956257,0.2587308124685127,-1.0121539159634567,3.7646632316250708
QUR,3040,Math,ESCS_x_School_ICT,0.5444011900309649,3.5518432470726577,0.8781830985079475,-6.417211574231445,7.506013954293374
QUR,3040,Math,ESCS_x_School_ICT_sq,-2.098457367225817,1.8102672711143437,0.24637567401289517,-5.646581218609931,1.4496664841582967
QUR,3040,Reading,ESCS_x_Home_ICT,9.795377600822658,4.784282177738388,0.0406180416332342,0.41818453245541853,19.172570669189895
QUR,3040,Reading,ESCS_x_Home_ICT_sq,2.350699641081757,1.2676601313351683,0.06368751553666514,-0.13391421633517275,4.835313498498687
QUR,3040,Reading,ESCS_x_School_ICT,0.04910721590668292,3.6236016527175012,0.9891873627843785,-7.053152023419619,7.151366455232985
QUR,3040,Reading,ESCS_x_School_ICT_sq,-0.6681348847093462,2.061126569724249,0.7458168685115576,-4.7079429613688735,3.3716731919501814
QUR,3040,Science,ESCS_x_Home_ICT,7.056021396304563,5.147233307231259,0.17042556010602739,-3.032555885868704,17.14459867847783
QUR,3040,Science,ESCS_x_Home_ICT_sq,1.6483495446959278,1.330052032344536,0.21522994846640997,-0.9585524386993625,4.255251528091218
QUR,3040,Science,ESCS_x_School_ICT,0.11684582821107878,3.7531372114150696,0.9751635981429614,-7.239303106162457,7.472994762584615
QUR,3040,Science,ESCS_x_School_ICT_sq,-0.4531727436939432,1.9280323051714399,0.8141744543671692,-4.232116061829965,3.3257705744420787
ROU,6364,Math,ESCS_x_Home_ICT,-1.4060276642019403,3.298741177341436,0.6699391080587671,-7.871560371791155,5.059505043387274
ROU,6364,Math,ESCS_x_Home_ICT_sq,-0.8237257191552301,0.9501166649988279,0.3859566745261458,-2.6859543825529326,1.0385029442424725
ROU,6364,Math,ESCS_x_School_ICT,1.0832360506400764,1.8648873667580874,0.5613356895226167,-2.5719431882057746,4.7384152894859275
ROU,6364,Math,ESCS_x_School_ICT_sq,-1.5552465337655574,0.8036732428139125,0.052969104401050064,-3.130446089680826,0.019953022149711064
ROU,6364,Reading,ESCS_x_Home_ICT,-0.15392084857227442,3.6795929433625005,0.9666334663705274,-7.365923017562775,7.058081320418227
ROU,6364,Reading,ESCS_x_Home_ICT_sq,-0.3184746956779625,1.039287574729578,0.7592730179507095,-2.3554783421479355,1.7185289507920105
ROU,6364,Reading,ESCS_x_School_ICT,2.8190840342938794,1.8308579257723214,0.12361856784781722,-0.7693975002198705,6.407565568807629
ROU,6364,Reading,ESCS_x_School_ICT_sq,-1.6062730264477316,0.8846734715161183,0.06942136528654502,-3.3402330306193235,0.12768697772386028
ROU,6364,Science,ESCS_x_Home_ICT,-1.274998973594411,3.4493074598128812,0.7116513989201572,-8.035641594827657,5.485643647638836
ROU,6364,Science,ESCS_x_Home_ICT_sq,-0.877039941164848,0.9782296925382218,0.3699546627869471,-2.7943701385397626,1.0402902562100667
ROU,6364,Science,ESCS_x_School_ICT,0.17104007072307675,1.9894697227548863,0.9314881242579233,-3.7283205858765003,4.070400727322654
ROU,6364,Science,ESCS_x_School_ICT_sq,-1.217797982843956,0.9131619648351069,0.18233312055573137,-3.0075954339207653,0.5719994682328535
SAU,4288,Math,ESCS_x_Home_ICT,9.972241633765627,2.93247629740368,0.0006723287613178425,4.224588090854414,15.71989517667684
SAU,4288,Math,ESCS_x_Home_ICT_sq,3.5478585858077842,1.1300023671595656,0.0016912595824873926,1.3330539461750357,5.762663225440533
SAU,4288,Math,ESCS_x_School_ICT,-0.5134384310095322,1.5346022708723532,0.7379462586462759,-3.5212588819193447,2.49438201990028
SAU,4288,Math,ESCS_x_School_ICT_sq,-1.9903387389709466,1.5435647405703101,0.19724412292063143,-5.015725630488754,1.0350481525468611
SAU,4288,Reading,ESCS_x_Home_ICT,10.684742360734633,3.625999845753344,0.0032118217337687703,3.5777826630580796,17.791702058411186
SAU,4288,Reading,ESCS_x_Home_ICT_sq,3.9226464966708163,1.4376689670823273,0.006362755578216436,1.104815321189455,6.740477672152178
SAU,4288,Reading,ESCS_x_School_ICT,0.10040125950330507,1.8090168166575,0.9557397661183108,-3.4452717011453946,3.646074220152005
SAU,4288,Reading,ESCS_x_School_ICT_sq,-2.047535936336538,1.8597793361080206,0.27091563959594367,-5.692703435108259,1.5976315624351822
SAU,4288,Science,ESCS_x_Home_ICT,11.453058307729023,3.103446188666583,0.00022387319507463998,5.37030377794252,17.535812837515525
SAU,4288,Science,ESCS_x_Home_ICT_sq,3.906824675282607,1.1841119205180608,0.0009690171071695134,1.5859653110672078,6.227684039498007
SAU,4288,Science,ESCS_x_School_ICT,-0.14852074102370547,1.657817978630828,0.9286145516660537,-3.3978439791401285,3.1008024970927175
SAU,4288,Science,ESCS_x_School_ICT_sq,-1.7822427041781654,1.6136701727310236,0.26939134992315106,-4.945036242730971,1.3805508343746407
SGP,6435,Math,ESCS_x_Home_ICT,0.9366550947857546,2.019874183231304,0.6428487072361999,-3.0222983043476015,4.89560849391911
SGP,6435,Math,ESCS_x_Home_ICT_sq,0.29196110900125666,0.4187802620744279,0.4856963009610711,-0.5288482046646221,1.1127704226671353
SGP,6435,Math,ESCS_x_School_ICT,0.1993201964669034,1.4661028169502035,0.8918589108558264,-2.6742413247554953,3.072881717689302
SGP,6435,Math,ESCS_x_School_ICT_sq,0.31927058935324887,0.5202592970714183,0.5394295207658579,-0.700437632906731,1.3389788116132286
SGP,6435,Reading,ESCS_x_Home_ICT,1.7257928466886603,2.1849733620386838,0.42961761029732304,-2.5567549429071597,6.00834063628448
SGP,6435,Reading,ESCS_x_Home_ICT_sq,0.31509618321603466,0.45731172607818693,0.4908117031421504,-0.5812347998972116,1.211427166329281
SGP,6435,Reading,ESCS_x_School_ICT,1.4917190116110226,2.1015612474010665,0.4778190682359973,-2.627341033295068,5.610779056517114
SGP,6435,Reading,ESCS_x_School_ICT_sq,-0.14031654555891873,0.8264937400421075,0.8651884485345626,-1.7602442760414496,1.479611184923612
SGP,6435,Science,ESCS_x_Home_ICT,2.585797515926717,2.214121516404682,0.2428607700930553,-1.7538806562264604,6.925475688079894
SGP,6435,Science,ESCS_x_Home_ICT_sq,0.33284570962606735,0.458240236528364,0.46762033759275523,-0.565305153969526,1.2309965732216608
SGP,6435,Science,ESCS_x_School_ICT,0.11710483056091152,1.6637374181781435,0.9438859514698127,-3.1438205090682496,3.3780301701900726
SGP,6435,Science,ESCS_x_School_ICT_sq,0.37518341585753345,0.628324018496519,0.5504287768086856,-0.8563316603956438,1.6066984921107106
SVK,4954,Math,ESCS_x_Home_ICT,-3.3245865432535053,3.2290867557821095,0.30320962187508627,-9.65359658458644,3.0044234980794293
SVK,4954,Math,ESCS_x_Home_ICT_sq,-1.012637285904554,0.8735313575149687,0.24635613415348456,-2.724758746633893,0.6994841748247846
SVK,4954,Math,ESCS_x_School_ICT,-1.143755546749788,1.8147731379572551,0.5285329134985464,-4.700710897146008,2.4131998036464317
SVK,4954,Math,ESCS_x_School_ICT_sq,-0.5549774577667279,1.000200125558179,0.578986035504645,-2.5153697038607588,1.4054147883273027
SVK,4954,Reading,ESCS_x_Home_ICT,-1.3994283322318508,3.502890903854664,0.6895198991281448,-8.265094503786992,5.4662378393232895
SVK,4954,Reading,ESCS_x_Home_ICT_sq,-0.5711510650597926,1.053113970617606,0.587580881474966,-2.6352544474703006,1.4929523173507153
SVK,4954,Reading,ESCS_x_School_ICT,-1.6086210485370784,2.0488863327041447,0.4323833830461987,-5.624438260637202,2.4071961635630448
SVK,4954,Reading,ESCS_x_School_ICT_sq,-0.28596610335563377,1.2165386962978086,0.8141580062303186,-2.6703819480993385,2.0984497413880714
SVK,4954,Science,ESCS_x_Home_ICT,-3.725247056445748,3.0732860451648922,0.2254595278376691,-9.748887704968936,2.2983935920774403
SVK,4954,Science,ESCS_x_Home_ICT_sq,-1.096626722258236,0.8475896658488666,0.19572831164689308,-2.7579024673220145,0.5646490228055425
SVK,4954,Science,ESCS_x_School_ICT,-1.8629007433216374,1.941252708537036,0.3372372097460131,-5.667756052054228,1.9419545654109531
SVK,4954,Science,ESCS_x_School_ICT_sq,-0.03164741589946021,1.041064935426982,0.9757487788456984,-2.072134689336345,2.0088398575374247
SVN,5674,Math,ESCS_x_Home_ICT,2.1385906856391186,2.7337150617733275,0.43403712779308223,-3.219490835436603,7.49667220671484
SVN,5674,Math,ESCS_x_Home_ICT_sq,-0.12062923755151891,0.5750031286263015,0.8338324860802315,-1.24763536965907,1.006376894556032
SVN,5674,Math,ESCS_x_School_ICT,-1.2414604377837195,2.1232477575893083,0.5587502541738998,-5.403026042658763,2.9201051670913243
SVN,5674,Math,ESCS_x_School_ICT_sq,-0.3356271301976852,0.5993497602096581,0.5754893792199134,-1.510352660208615,0.8390983998132446
SVN,5674,Reading,ESCS_x_Home_ICT,3.029574342238628,2.8456405385460424,0.2870402077960331,-2.5478811133116155,8.607029797788872
SVN,5674,Reading,ESCS_x_Home_ICT_sq,0.2714862508043966,0.5744704281946407,0.6365091079084804,-0.8544757884570992,1.3974482900658924
SVN,5674,Reading,ESCS_x_School_ICT,-3.8232118701913924,2.533332431153786,0.1312571029405385,-8.788543435252812,1.1421196948700283
SVN,5674,Reading,ESCS_x_School_ICT_sq,0.14748699895369183,0.7799797642788346,0.850021650602918,-1.381273339032824,1.6762473369402076
SVN,5674,Science,ESCS_x_Home_ICT,0.05276215238034041,2.8085973840545186,0.9850118671345367,-5.452088720366516,5.557613025127197
SVN,5674,Science,ESCS_x_Home_ICT_sq,-0.45862958002298704,0.6324870002893657,0.46837782764910896,-1.6983041005901436,0.7810449405441696
SVN,5674,Science,ESCS_x_School_ICT,-3.2012954978238377,2.144355530631489,0.13546493691526781,-7.404232337861556,1.001641342213881
SVN,5674,Science,ESCS_x_School_ICT_sq,0.1414865567761414,0.6101634341929466,0.816628851604321,-1.054433774242034,1.3374068877943168
SWE,4419,Math,ESCS_x_Home_ICT,0.6980253300794965,4.676881002436585,0.8813562256889445,-8.468661434696209,9.864712094855204
SWE,4419,Math,ESCS_x_Home_ICT_sq,-0.3571535133347911,1.0625596733246823,0.7367761503934167,-2.4397704730511682,1.725463446381586
SWE,4419,Math,ESCS_x_School_ICT,0.3616853021592054,1.4682511969510563,0.8054209976023226,-2.5160870438648653,3.2394576481832758
SWE,4419,Math,ESCS_x_School_ICT_sq,0.38980477465981006,0.7740728940273157,0.6145591406931552,-1.1273780976337286,1.9069876469533489
SWE,4419,Reading,ESCS_x_Home_ICT,4.768678444760903,5.071179035521256,0.3470385417439139,-5.170832464860759,14.708189354382565
SWE,4419,Reading,ESCS_x_Home_ICT_sq,0.5469186743756012,1.1188251450044284,0.6249599187813731,-1.6459786098330784,2.7398159585842805
SWE,4419,Reading,ESCS_x_School_ICT,-1.432015096909511,1.7835676788911743,0.4220362282562582,-4.927807747536212,2.0637775537171907
SWE,4419,Reading,ESCS_x_School_ICT_sq,0.38859511637104494,0.8361870674324022,0.6421300461850599,-1.2503315357964633,2.0275217685385534
SWE,4419,Science,ESCS_x_Home_ICT,4.0879552804345405,5.63529898891002,0.46819476754808254,-6.957230737829098,15.13314129869818
SWE,4419,Science,ESCS_x_Home_ICT_sq,0.46296897625650146,1.1894491799980873,0.6971062170243127,-1.8683514165397495,2.7942893690527524
SWE,4419,Science,ESCS_x_School_ICT,-0.5639865394359648,1.6403135056722733,0.7309752622581713,-3.7790010105536203,2.651027931681691
SWE,4419,Science,ESCS_x_School_ICT_sq,0.37919887710420086,0.8249558151243115,0.6457605572499875,-1.2377145205394497,1.9961122747478512
TAP,5609,Math,ESCS_x_Home_ICT,3.7781112138668136,4.443605809491241,0.395194192657751,-4.9313561727360185,12.487578600469645
TAP,5609,Math,ESCS_x_Home_ICT_sq,0.48449805854774847,0.8878783773512675,0.5852854686816447,-1.2557435610607357,2.2247396781562325
TAP,5609,Math,ESCS_x_School_ICT,-3.2180619815338547,2.993840871982119,0.2824221300445804,-9.085990090618807,2.649866127551099
TAP,5609,Math,ESCS_x_School_ICT_sq,0.03775500720928167,0.5613283507735978,0.9463746317146158,-1.06244856030697,1.1379585747255332
TAP,5609,Reading,ESCS_x_Home_ICT,2.042457225013819,5.163308267083342,0.6924212184302528,-8.077626978469532,12.162541428497168
TAP,5609,Reading,ESCS_x_Home_ICT_sq,0.2104952032726907,0.8827327445341655,0.8115254314932113,-1.5196609760142736,1.9406513825596552
TAP,5609,Reading,ESCS_x_School_ICT,-0.9336081270435495,2.8329855137151414,0.7417406078966375,-6.486259733925227,4.619043479838128
TAP,5609,Reading,ESCS_x_School_ICT_sq,-0.37240691539250853,0.6001574660519808,0.5349185564083044,-1.5487155488543909,0.8039017180693739
TAP,5609,Science,ESCS_x_Home_ICT,2.0234451153121524,4.338422370929546,0.6409283996622421,-6.4798627317097575,10.526752962334061
TAP,5609,Science,ESCS_x_Home_ICT_sq,0.21840823699410278,0.7914818052855503,0.7825876024680805,-1.332896101365576,1.7697125753537815
TAP,5609,Science,ESCS_x_School_ICT,-2.7328693776040978,2.536383713986473,0.2812717516146682,-7.704181457017585,2.238442701809389
TAP,5609,Science,ESCS_x_School_ICT_sq,-0.025758940536498093,0.5828006390191032,0.9647461414787022,-1.1680481930139404,1.116530311940944
THA,7877,Math,ESCS_x_Home_ICT,4.700126718295218,2.6359677090384817,0.07457418212222348,-0.46636999142020574,9.86662342801064
THA,7877,Math,ESCS_x_Home_ICT_sq,0.8384151741887923,0.7162647053423242,0.24178446465573056,-0.5654636482821632,2.2422939966597477
THA,7877,Math,ESCS_x_School_ICT,-2.5668551372414923,2.4685496015190553,0.29842205008515166,-7.405212356218841,2.271502081735856
THA,7877,Math,ESCS_x_School_ICT_sq,-1.1544595922174783,1.3115873002012308,0.3787507874278141,-3.7251707006118906,1.416251516176934
THA,7877,Reading,ESCS_x_Home_ICT,5.431606564001761,2.684450583584665,0.043036174318919256,0.17008342017581768,10.693129707827705
THA,7877,Reading,ESCS_x_Home_ICT_sq,0.8358849314633316,0.6514796361747883,0.19947241690116635,-0.4410151554392534,2.1127850183659165
THA,7877,Reading,ESCS_x_School_ICT,-1.7420348645800547,2.011109951943392,0.3863773787668523,-5.683810370389103,2.1997406412289937
THA,7877,Reading,ESCS_x_School_ICT_sq,-1.0188127481617308,1.0689568652585446,0.340544164575583,-3.1139682040684784,1.0763427077450167
THA,7877,Science,ESCS_x_Home_ICT,3.5962328998210977,3.006237131182541,0.23159619412665833,-2.295991877296682,9.488457676938877
THA,7877,Science,ESCS_x_Home_ICT_sq,0.2825615609609503,0.8478151486786375,0.7389213963690917,-1.379156130449179,1.94427925237108
THA,7877,Science,ESCS_x_School_ICT,-1.52787503615096,2.382177935550878,0.5212775275850947,-6.196943789830681,3.1411937175287603
THA,7877,Science,ESCS_x_School_ICT_sq,-1.2751978114752915,1.3220891771548238,0.3347790860545399,-3.8664925986987457,1.3160969757481629
TUR,7007,Math,ESCS_x_Home_ICT,-0.5856018434441688,2.9298613539933838,0.8415794627575827,-6.328130097271201,5.156926410382864
TUR,7007,Math,ESCS_x_Home_ICT_sq,-0.5024085571947662,0.777442465362791,0.5181288204504483,-2.0261957893058367,1.021378674916304
TUR,7007,Math,ESCS_x_School_ICT,5.2565907166382395,4.593906988517324,0.25251883141334674,-3.747466980855714,14.260648414132193
TUR,7007,Math,ESCS_x_School_ICT_sq,-4.715996967159372,2.937311142480403,0.10837303879264734,-10.47312680642096,1.0411328721022173
TUR,7007,Reading,ESCS_x_Home_ICT,-0.9681834224765555,2.5893371959249034,0.7084700259337666,-6.043284326489366,4.106917481536255
TUR,7007,Reading,ESCS_x_Home_ICT_sq,-0.7352760144750697,0.680117458806889,0.27965195999405335,-2.068306233736572,0.5977542047864327
TUR,7007,Reading,ESCS_x_School_ICT,4.172642910470346,3.901489546034186,0.28484444720742785,-3.4742765997566583,11.81956242069735
TUR,7007,Reading,ESCS_x_School_ICT_sq,-4.063897987515955,2.3655250672316126,0.08580232740566403,-8.700327119289916,0.5725311442580052
TUR,7007,Science,ESCS_x_Home_ICT,-0.06780207842843686,3.0681031222974964,0.9823689666095831,-6.081284198131529,5.945680041274656
TUR,7007,Science,ESCS_x_Home_ICT_sq,-0.2768926360720112,0.8249220975539826,0.7371279266510583,-1.8937399472778171,1.3399546751337947
TUR,7007,Science,ESCS_x_School_ICT,5.86439641281435,4.429844424109884,0.1855568505684898,-2.8180986584410226,14.546891484069722
TUR,7007,Science,ESCS_x_School_ICT_sq,-5.290111740291463,2.831618168786851,0.06173013063012868,-10.840083351113691,0.2598598705307644
URY,4585,Math,ESCS_x_Home_ICT,1.13724443920976,3.231765390127673,0.7249164620676751,-5.197015725440479,7.471504603859999
URY,4585,Math,ESCS_x_Home_ICT_sq,0.23258600595020845,1.2631016948725777,0.8539045840395548,-2.243093316000044,2.7082653279004605
URY,4585,Math,ESCS_x_School_ICT,-1.1531689989886271,2.424355964417119,0.634316669056161,-5.90490668924618,3.598568691268926
URY,4585,Math,ESCS_x_School_ICT_sq,1.2885297782341731,1.5029871507636483,0.3912721629469641,-1.6573250372625776,4.234384593730924
URY,4585,Reading,ESCS_x_Home_ICT,1.3250091308274647,4.5910774621780215,0.7728834654569756,-7.673502695041457,10.323520956696386
URY,4585,Reading,ESCS_x_Home_ICT_sq,-0.07230648840365306,1.7618922285128373,0.9672647170984621,-3.5256152562888143,3.3810022794815078
URY,4585,Reading,ESCS_x_School_ICT,-2.3485146043415206,2.7241967073642623,0.3886355973073813,-7.687940150775475,2.990910942092434
URY,4585,Reading,ESCS_x_School_ICT_sq,0.10410728831855283,1.949032027748571,0.9574013592434403,-3.715995486068646,3.924210062705752
URY,4585,Science,ESCS_x_Home_ICT,0.9787247627456566,4.005875694665053,0.8069812139069434,-6.872791598797847,8.83024112428916
URY,4585,Science,ESCS_x_Home_ICT_sq,-0.03312137199703995,1.5773777562502687,0.9832474564805123,-3.124781774247566,3.0585390302534865
URY,4585,Science,ESCS_x_School_ICT,-3.812709097662848,2.858875297598441,0.18232202248739615,-9.416104680955792,1.7906864856300957
URY,4585,Science,ESCS_x_School_ICT_sq,2.2907280706972544,2.0767119177965787,0.270003154435997,-1.7796272881840403,6.361083429578549
USA,3194,Math,ESCS_x_Home_ICT,9.363097392475556,4.067103128479745,0.021326493804460344,1.3915752606552552,17.334619524295857
USA,3194,Math,ESCS_x_Home_ICT_sq,1.5872179683877787,0.8211873354622148,0.05325677559524509,-0.022309209118162254,3.1967451458937197
USA,3194,Math,ESCS_x_School_ICT,-4.618157422618829,2.8758899998811795,0.10831379028202359,-10.254901822385941,1.0185869771482832
USA,3194,Math,ESCS_x_School_ICT_sq,0.4700692023064577,0.9012980370538627,0.601985838958867,-1.296474950319113,2.2366133549320284
USA,3194,Reading,ESCS_x_Home_ICT,9.855935740026885,4.791495351374094,0.03968964278690356,0.4646048513336609,19.24726662872011
USA,3194,Reading,ESCS_x_Home_ICT_sq,1.6621735520890588,0.9647711187110358,0.08491234875676115,-0.2287778405845713,3.553124944762689
USA,3194,Reading,ESCS_x_School_ICT,-6.179582724831637,3.6672947299038423,0.0919785180022712,-13.367480395443168,1.008314945779894
USA,3194,Reading,ESCS_x_School_ICT_sq,0.5584656076382993,1.1251826045784101,0.6196592679000411,-1.6468922973353846,2.763823512611983
USA,3194,Science,ESCS_x_Home_ICT,9.068582721979068,4.609656983853919,0.049148521642797656,0.033655033625386466,18.10351041033275
USA,3194,Science,ESCS_x_Home_ICT_sq,1.5914670386140828,0.9738843317130629,0.10222866067177243,-0.31734625154352036,3.500280328771686
USA,3194,Science,ESCS_x_School_ICT,-4.751157105162384,3.3194778040720996,0.15234524432100888,-11.2573336011437,1.7550193908189309
USA,3194,Science,ESCS_x_School_ICT_sq,0.29415660751738715,1.0790076754424727,0.7851470925776781,-1.820698436349859,2.4090116513846334
